Project Name ,Developer Name,Location,Asset Type,Unit Type,BUA,Land Area,Garden,Unit Price,PSM,Payment yrs raw,Payment Yrs,Down Payment ,Delivery %,Cash discount,Delivery Date,Finishing Specs.,Maintenance,Phase,Date of Update,Updated by,Source of info.,Months from Update,Notes,Offering
Ever,Cred,6th of October,Commercial,Office,115,,,13540906,117747.0087,8,8 Yrs,0.1,,,2029,Core & Shell,,,2025-06-25,Farah,Direct Sales,07,,Rent
Ever,Cred,6th of October,Commercial,Office,245,,,30500637,124492.3959,8,8 Yrs,0.1,,,2029,Core & Shell,,,2025-06-25,Farah,Direct Sales,07,,Sell
Ever,Cred,6th of October,Commercial,Office,225,,,33677406,149677.36,8,8 Yrs,0.1,,,2029,Core & Shell,,,2025-06-25,Farah,Direct Sales,07,,Sell
Ever,Cred,6th of October,Commercial,Office,75,,,10409252,138790.0267,8,8 Yrs,0.1,,,2029,Core & Shell,,,2025-06-25,Farah,Direct Sales,07,,Sell
Ever,Cred,6th of October,Commercial,Clinic,66,,,15359234,232715.6667,8,8 Yrs,0.1,,,2029,Core & Shell,,,2025-06-25,Farah,Direct Sales,07,,Sell
Ever,Cred,6th of October,Commercial,Clinic,80,,,17881834,223522.925,8,8 Yrs,0.1,,,2029,Core & Shell,,,2025-06-25,Farah,Direct Sales,07,,Sell
Ever,Cred,6th of October,Commercial,Clinic,45,,,10084248,224094.4,8,8 Yrs,0.1,,,2029,Core & Shell,,,2025-06-25,Farah,Direct Sales,07,,Sell
Ever,Cred,6th of October,Commercial,Clinic,36,,,7929242,220256.7222,8,8 Yrs,0.1,,,2029,Core & Shell,,,2025-06-25,Farah,Direct Sales,07,,Sell
Ever,Cred,6th of October,Residential,Apartment,196,,,17321956,88377.32653,8,8 Yrs,0.1,,,2029,Fully Finished,,,2025-06-25,Farah,Direct Sales,07,,Sell
Ever,Cred,6th of October,Residential,Apartment,215,,,18252598,84895.80465,8,8 Yrs,0.1,,,2029,Fully Finished,,,2025-06-25,Farah,Direct Sales,07,,Sell
Ever,Cred,6th of October,Residential,Apartment,155,,,13765022,88806.59355,8,8 Yrs,0.1,,,2029,Fully Finished,,,2025-06-25,Farah,Direct Sales,07,,Sell
Ever,Cred,6th of October,Residential,Apartment,230,,,19169373,83345.1,8,8 Yrs,0.1,,,2029,Fully Finished,,,2025-06-25,Farah,Direct Sales,07,,Sell
Kayan,Badreldin,6th of October,Residential,Apartment,130,,50,8945307,68810.05385,4,4 Yrs,0.25,,,2025,Fully Finished,,,2025-06-25,Farah,Direct Sales,07,,Rent
Kayan,Badreldin,6th of October,Residential,Apartment,125,,55,8796689,70373.512,4,4 Yrs,0.25,,,2025,Fully Finished,,,2025-06-25,Farah,Direct Sales,07,,Sell
Kayan,Badreldin,6th of October,Residential,Apartment,130,,65,9133571,70258.23846,4,4 Yrs,0.25,,,2025,Fully Finished,,,2025-06-25,Farah,Direct Sales,07,,Rent
Kayan,Badreldin,6th of October,Residential,Apartment,90,,65,7276500,80850,4,4 Yrs,0.25,,,2025,Fully Finished,,,2025-06-25,Farah,Direct Sales,07,,Sell
Creektown,il Cazar,1st Settlement,Residential,Apartment,150,,50,11900000,79333.33333,7,7 Yrs - 10 Yrs,0.2,,,2025,Core & Shell,,,2025-06-25,Farah,Nawy,07,"Down payments 6 years (15%),7 years(20%) ",Rent
Creektown,il Cazar,1st Settlement,Residential,Apartment,128,,,9600000,75000,7,7 Yrs - 10 Yrs,0.2,,,2026,Core & Shell,,,2025-06-25,Farah,Nawy,07,"Down payments 6 years (15%),7 years(20%) ",Sell
Creektown,il Cazar,1st Settlement,Residential,Villa,230,,,40000000,173913.0435,4,4 Yrs,0.25,,,2025,Core & Shell,,,2025-06-25,Farah,Nawy,07,,Sell
Creektown,il Cazar,1st Settlement,Residential,Villa,420,,,65000000,154761.9048,4,4 Yrs,0.25,,,2025,Core & Shell,,,2025-06-25,Farah,Nawy,07,,Rent
Creektown,il Cazar,1st Settlement,Residential,Townhouse,185,,,27750000,150000,7,7 Yrs,0.2,,,2025,Core & Shell,,,2025-06-25,Farah,Nawy,07,"Down payments 6 years (15%),7 years(20%) ",Sell
Creektown,il Cazar,1st Settlement,Residential,Townhouse,210,,,30000000,142857.1429,7,7 Yrs,0.2,,,2025,Core & Shell,,,2025-06-25,Farah,Nawy,07,"Down payments 6 years (15%),7 years(20%) ",Sell
Creektown,il Cazar,1st Settlement,Residential,Duplex,195,,,16500000,84615.38462,7,7 Yrs,0.2,,,2025,Core & Shell,,,2025-06-25,Farah,Nawy,07,"Down payments 6 years (15%),7 years(20%) ",Sell
The Crest,il Cazar,5th Settlement,Residential,Apartment,85,,,5300000,62352.94118,8,8 Yrs,0.05,,,2029,Core & Shell,,,2025-06-25,Farah,Nawy,07,"5% Dp and 5% after 3 months and the rest over 8 years
5% Dp and 5% after 3 months and the rest over 10 years (10% Price increase)
5% Dp and 5% after 3 months and the rest over 6 years (9% Discount)",Sell
The Crest,il Cazar,5th Settlement,Residential,Apartment,120,,,7722000,64350,8,8 Yrs,0.05,,,2029,Core & Shell,,,2025-06-25,Farah,Nawy,07,,Sell
The Crest,il Cazar,5th Settlement,Residential,Villa,220,,,28806000,130936.3636,8,8 Yrs - 10 Yrs,0.05,,,2029,Core & Shell,,,2025-06-25,Farah,Nawy,07,,Sell
The Crest,il Cazar,5th Settlement,Residential,Villa,250,,,35937000,143748,10,8 Yrs - 10 Yrs,0.05,,,2029,Core & Shell,,,2025-06-25,Farah,Nawy,07,,Rent
The Crest,il Cazar,5th Settlement,Residential,Townhouse,180,,,20705000,115027.7778,8,8 Yrs,0.05,,,2029,Core & Shell,,,2025-06-25,Farah,Nawy,07,,Sell
The Crest,il Cazar,5th Settlement,Residential,Townhouse,230,,,30402000,132182.6087,8,8 Yrs,0.05,,,2029,Core & Shell,,,2025-06-25,Farah,Nawy,07,,Rent
The Crest,il Cazar,5th Settlement,Residential,Duplex,210,,,20196000,96171.42857,8,8 Yrs,0.05,,,2029,Core & Shell,,,2025-06-25,Farah,Nawy,07,,Sell
Glen,il Cazar,6th Settlement,Residential,Villa,210,,,18000000,85714.28571,8,8 Yrs,0.05,,,2029,Core & Shell,,,2025-06-25,Farah,Nawy,07,"5% Dp and 5% after 3 months and the rest over 8 years
5% Dp and 5% after 3 months and the rest over 10 years (10% Price increase)
5% Dp and 5% after 3 months and the rest over 6 years (9% Discount)
Quad villa starting from 18M
Stand Alone starting from 23.2M",Rent
Glen,il Cazar,6th Settlement,Residential,Villa,275,,,30500000,110909.0909,8,8 Yrs,0.05,,,2029,Core & Shell,,,2025-06-25,Farah,Nawy,07,,Sell
Glen,il Cazar,6th Settlement,Residential,Villa,220,,,26500000,120454.5455,8,8 Yrs,0.05,,,2029,Core & Shell,,,2025-06-25,Farah,Nawy,07,,Sell
Westdays,il Cazar,6th of October,Residential,Apartment,75,,,4700000,62666.66667,8,8 Yrs,0.05,,,2029,Semi-Finished,,,2025-06-25,Farah,Nawy,07,,Sell
Westdays,il Cazar,6th of October,Residential,Apartment,120,,,6000000,50000,8,8 Yrs,0.05,,,2029,Semi-Finished,,,2025-06-25,Farah,Nawy,07,,Rent
Westdays,il Cazar,6th of October,Residential,Penthouse,95,,,7451000,78431.57895,8,8 Yrs,0.05,,,2029,Semi-Finished,,,2025-06-25,Farah,Nawy,07,,Rent
Westdays,il Cazar,6th of October,Residential,Penthouse,130,,,10190740,78390.30769,8,8 Yrs,0.05,,,2029,Semi-Finished,,,2025-06-25,Farah,Nawy,07,,Sell
Safia,il Cazar,Ras El Hekma,Residential,Villa,225,,,36000000,160000,8,8 Yrs,0.05,,,2029,Fully Finished,,,2025-06-25,Farah,Nawy,07,,Sell
Safia,il Cazar,Ras El Hekma,Residential,Villa,330,,,100700000,305151.5152,8,8 Yrs,0.05,,,2029,Fully Finished,,,2025-06-25,Farah,Nawy,07,,Sell
Safia,il Cazar,Ras El Hekma,Residential,Townhouse,200,,,28000000,140000,8,8 Yrs,0.05,,,2029,Fully Finished,,,2025-06-25,Farah,Nawy,07,,Sell
Safia,il Cazar,Ras El Hekma,Residential,Chalet,72,,,6400000,88888.88889,8,8 Yrs,0.05,,,2029,Fully Finished,,,2025-06-25,Farah,Nawy,07,,Rent
Safia,il Cazar,Ras El Hekma,Residential,Chalet,138,,,14000000,101449.2754,8,8 Yrs,0.05,,,2029,Fully Finished,,,2025-06-25,Farah,Nawy,07,,Sell
Mountain View Hyde Park,Mountain View,6th Settlement,Residential,Duplex,300.4,,,31906809,106214.4108,7,7 Yrs,0.12,,,RTM,Core & Shell,,,2025-06-25,Nour,Direct Sales,07,"I-Villa, Roof = 79",Rent
Mountain View Hyde Park,Mountain View,6th Settlement,Residential,Villa,731.25,929.89,,121930988,166743.2315,7,7 Yrs,0.12,,,RTM,Core & Shell,,,2025-06-25,Nour,Direct Sales,07,Roof = 119,Sell
Mountain View Hyde Park,Mountain View,6th Settlement,Residential,Apartment,202.93,,,19941485,98267.80171,7,7 Yrs,0.12,,,RTM,Core & Shell,,,2025-06-25,Nour,Direct Sales,07,,Sell
Mountain View Hyde Park,Mountain View,6th Settlement,Residential,Duplex,278.64,,48.83,29974963,107575.951,7,7 Yrs,0.12,,,RTM,Core & Shell,,,2025-06-25,Nour,Direct Sales,07,I-Villa,Sell
Aliva,Mountain View,Mostakbal City,Residential,Apartment,120,,131.87,14683143,122359.525,12,12 Yrs,0.02,,,2029,Fully Finished,,,2025-06-25,Nour,Direct Sales,07,,Rent
Aliva,Mountain View,Mostakbal City,Residential,Apartment,125,,,11342672,90741.376,12,12 Yrs,0.02,,,2029,Fully Finished,,,2025-06-25,Nour,Direct Sales,07,,Rent
Aliva,Mountain View,Mostakbal City,Residential,Duplex,230,,,20040056,87130.67826,12,12 Yrs,0.02,,,2029,Fully Finished,,,2025-06-25,Nour,Direct Sales,07,"I-Villa, Roof = 15",Sell
Aliva,Mountain View,Mostakbal City,Residential,Duplex,230,,113.65,23352897,101534.3348,12,12 Yrs,0.02,,,2029,Fully Finished,,,2025-06-25,Nour,Direct Sales,07,I-Villa,Rent
Aliva,Mountain View,Mostakbal City,Residential,Villa,350,648.54,,56084092,160240.2629,12,12 Yrs,0.02,,,2029,Fully Finished,,,2025-06-25,Nour,Direct Sales,07,Roof = 31,Sell
Aliva,Mountain View,Mostakbal City,Residential,Townhouse,220,224.45,,28701154,130459.7909,12,12 Yrs,0.02,,,2029,Fully Finished,,,2025-06-25,Nour,Direct Sales,07,,Sell
Mountain View October Park,Mountain View,October Gardens,Residential,Townhouse,231.23,185.85,,22252362,96234.75328,9,9 Yrs,0.05,,,RTM,Core & Shell,,,2025-06-25,Nour,Direct Sales,07,"I-Villa, Roof = 96",Rent
Mountain View October Park,Mountain View,October Gardens,Residential,Duplex,326,,,23519100,72144.47853,9,9 Yrs,0.05,,,RTM,Core & Shell,,,2025-06-25,Nour,Direct Sales,07,,Sell
Mountain View October Park,Mountain View,October Gardens,Residential,Duplex,280.26,,57.66,24533388,87537.95761,9,9 Yrs,0.05,,,RTM,Core & Shell,,,2025-06-25,Nour,Direct Sales,07,I-Villa,Sell
Mountain View Icity October,Mountain View,6th of October,Residential,Apartment,165,,224,17057146,103376.6424,9,9 Yrs - 12 Yrs,0.05,,,RTM,Core & Shell,,,2025-06-25,Nour,Direct Sales,07,,Sell
Mountain View Icity October,Mountain View,6th of October,Residential,Apartment,170,,,14797961,87046.82941,9,9 Yrs - 12 Yrs,0.05,,,RTM,Core & Shell,,,2025-06-25,Nour,Direct Sales,07,,Sell
Mountain View Icity October,Mountain View,6th of October,Residential,Duplex,210,,22,25152857,119775.5095,9,9 Yrs,0.05,,,RTM,Core & Shell,,,2025-06-25,Nour,Direct Sales,07,I-Villa Beach house,Sell
Mountain View Icity October,Mountain View,6th of October,Residential,Apartment,210,,146,23880686,113717.5524,9,9 Yrs - 12 Yrs,0.05,,,RTM,Core & Shell,,,2025-06-25,Nour,Direct Sales,07,Park side house,Sell
Grand Valleys,Mountain View,New Adm. Capital,Residential,Townhouse,250,,,30267740,121070.96,8,6 Yrs - 8 Yrs,0.05,,,2027,Fully Finished,,,2025-06-25,Nour,Direct Sales,07,,Sell
Green River Tower,Modon Developments ,New Adm. Capital,Commercial,Office,41,,,5356000,130634.1463,10,10 Yrs,0.1,,,2028,Fully Finished,,,2025-06-25,Nour,Direct Sales,07,,Sell
Green River Tower,Modon Developments ,New Adm. Capital,Commercial,Retail,107,,,19462000,181887.8505,10,10 Yrs,0.1,,,2028,Core & Shell,,,2025-06-25,Nour,Direct Sales,07,,Sell
Villagio,Modon Developments ,6th of October,Residential,Services Apartment,116,,,10138000,87396.55172,10,10 Yrs,0.02,,,2028,Furnished,,,2025-06-25,Nour,Direct Sales,07,,Sell
Villagio,Modon Developments ,6th of October,Residential,Twinhouse,255,,,21583000,84639.21569,10,10 Yrs,0.02,,,2028,Core & Shell,,,2025-06-25,Nour,Direct Sales,07,,Rent
Villagio,Modon Developments ,6th of October,Residential,Townhouse,208,,,19500000,93750,10,10 Yrs,0.02,,,2028,Core & Shell,,,2025-06-25,Nour,Direct Sales,07,Roof = 75,Rent
Boutique Village 2,Modon Developments ,5th Settlement,Residential,Apartment,70,,,5252000,75028.57143,10,10 Yrs,0.1,,,2029,Semi-Finished,,,2025-06-25,Nour,Direct Sales,07,,Rent
Boutique Village 2,Modon Developments ,5th Settlement,Residential,Apartment,112,,,7924000,70750,10,10 Yrs,0.1,,,2029,Semi-Finished,,,2025-06-25,Nour,Direct Sales,07,,Rent
Boutique Village 2,Modon Developments ,5th Settlement,Residential,Apartment,159,,,11361000,71452.83019,10,10 Yrs,0.1,,,2029,Semi-Finished,,,2025-06-25,Nour,Direct Sales,07,,Sell
Diar II,Tameer,6th of October,Residential,Apartment,151,,,8999595,59599.96689,5,5 Yrs - 8 Yrs,0.3,,,RTM,Semi-Finished,,,2025-06-25,Nour,Direct Sales,07,"1,5 Years delivery
Core & shell
30% cash discount",Rent
Diar II,Tameer,6th of October,Residential,Penthouse,200,,,12616057,63080.285,5,5 Yrs - 7 Yrs,0.3,,,RTM,Semi-Finished,,,2025-06-25,Nour,Direct Sales,07,roof 126m2,Sell
Diar II,Tameer,6th of October,Residential,Apartment,146,,,7539917,51643.26712,8,5 Yrs - 8 Yrs,0.1,,,2026,Core & Shell,,,2025-06-25,Nour,Direct Sales,07,,Sell
Diar II,Tameer,6th of October,Residential,Apartment,198,,120,10850244,54799.21212,7,5 Yrs - 8 Yrs,0.1,,,2026,Core & Shell,,,2025-06-25,Nour,Direct Sales,07,,Sell
Diar II,Tameer,6th of October,Residential,Penthouse,237,,,13123673,55374.14768,7,5 Yrs - 7 Yrs,0.1,,,2026,Core & Shell,,,2025-06-25,Nour,Direct Sales,07,roof 126m2,Sell
Hills of One,People & Places,New Zayed,Residential,Apartment,129,,37,13160000,102015.5039,9,9 Yrs,0.1,,,2029,Fully Finished,,,2025-06-25,Nour,Direct Sales,07,,Rent
Hills of One,People & Places,New Zayed,Residential,Apartment,151,,40 ,17461000,115635.7616,9,9 Yrs,0.1,,,2029,Fully Finished,,,2025-06-25,Nour,Direct Sales,07,,Sell
Zed East,Ora Developers,6th Settlement,Residential,Apartment,178,,,41796300,234810.6742,10,10 Yrs,0.05,,,2029,Fully Finished,,,2025-06-25,Salah,Direct Sales,07,,Sell
Zed East,Ora Developers,6th Settlement,Residential,Apartment,122,,,28059150,229993.0328,10,10 Yrs,0.05,,,2029,Fully Finished,,,2025-06-25,Salah,Direct Sales,07,,Sell
Zed East,Ora Developers,6th Settlement,Residential,Apartment,92,,,20732250,225350.5435,10,10 Yrs,0.05,,,2029,Fully Finished,,,2025-06-25,Salah,Direct Sales,07,,Sell
Zed East,Ora Developers,6th Settlement,Residential,Apartment,122,,,28059150,229993.0328,10,10 Yrs,0.05,,,2029,Fully Finished,,,2025-06-25,Salah,Direct Sales,07,,Sell
Zed East,Ora Developers,6th Settlement,Residential,Apartment,122,,,30025800,246113.1148,10,10 Yrs,0.05,,,2029,Fully Finished,,,2025-06-25,Salah,Direct Sales,07,,Sell
Zed East,Ora Developers,6th Settlement,Residential,Apartment,122,,,31598700,259005.7377,10,10 Yrs,0.05,,,2029,Fully Finished,,,2025-06-25,Salah,Direct Sales,07,,Rent
ZED,Ora Developers,El Sheikh Zayed,Residential,Apartment,137,,43,20082000,146583.9416,10,10 Yrs,0.05,,,2029,Fully Finished,,,2025-06-25,Salah,Direct Sales,07,,Sell
ZED,Ora Developers,El Sheikh Zayed,Residential,Apartment,185,,0,25690000,138864.8649,10,10 Yrs,0.05,,,2029,Fully Finished,,,2025-06-25,Salah,Direct Sales,07,,Sell
ZED,Ora Developers,El Sheikh Zayed,Residential,Apartment,137,,43,20082000,146583.9416,10,10 Yrs,0.05,,,2029,Fully Finished,,,2025-06-25,Salah,Direct Sales,07,,Sell
ZED,Ora Developers,El Sheikh Zayed,Residential,Apartment,108,,22,15715000,145509.2593,10,10 Yrs,0.05,,,2029,Fully Finished,,,2025-06-25,Salah,Direct Sales,07,,Sell
ZED,Ora Developers,El Sheikh Zayed,Residential,Apartment,185,,0,25690000,138864.8649,10,10 Yrs,0.05,,,2029,Fully Finished,,,2025-06-25,Salah,Direct Sales,07,,Rent
Solana ,Ora Developers,New Zayed,Residential,Twinhouse,221,,,43642000,197475.1131,10,10 Yrs,0.05,,,2029,Fully Finished,,,2025-06-25,Salah,Direct Sales,07,,Rent
Solana ,Ora Developers,New Zayed,Residential,Twinhouse,221,,,43183000,195398.19,10,10 Yrs,0.05,,,2029,Fully Finished,,,2025-06-25,Salah,Direct Sales,07,,Sell
Solana ,Ora Developers,New Zayed,Residential,Villa,319,,,87290000,273636.3636,10,10 Yrs,0.05,,,2029,Fully Finished,,,2025-06-25,Salah,Direct Sales,07,,Sell
Solana ,Ora Developers,New Zayed,Residential,Townhouse,198,,,29361000,148287.8788,10,10 Yrs,0.05,,,2029,Fully Finished,,,2025-06-25,Salah,Direct Sales,07,,Rent
Solana ,Ora Developers,New Zayed,Residential,Villa,319,,,87288000,273630.094,10,10 Yrs,0.05,,,2029,Fully Finished,,,2025-06-25,Salah,Direct Sales,07,,Sell
Solana ,Ora Developers,New Zayed,Residential,Townhouse,198,,,29361000,148287.8788,10,10 Yrs,0.05,,,2029,Fully Finished,,,2025-06-25,Salah,Direct Sales,07,,Sell
Solana ,Ora Developers,New Zayed,Residential,Townhouse,198,,,29221000,147580.8081,10,10 Yrs,0.05,,,2029,Fully Finished,,,2025-06-25,Salah,Direct Sales,07,,Sell
West Gate Business Hub,Gates,El Sheikh Zayed,Commercial,Office,75,,,8696622,115954.96,4,4 Yrs,0.3,,,RTM,Fully Finished,,,2025-06-25,Salah,Direct Sales,07,,Sell
West Gate Business Hub,Gates,El Sheikh Zayed,Commercial,Office,85,,,9384000,110400,4,4 Yrs,0.3,,,RTM,Fully Finished,,,2025-06-25,Salah,Direct Sales,07,,Sell
West Gate Business Hub,Gates,El Sheikh Zayed,Commercial,Office,106,,,11964600,112873.5849,4,4 Yrs,0.3,,,RTM,Fully Finished,,,2025-06-25,Salah,Direct Sales,07,,Sell
West Gate Business Hub,Gates,El Sheikh Zayed,Commercial,Retail,200,,,25248825,126244.125,4,4 Yrs,0.3,,,RTM,Core & Shell,,,2025-06-25,Salah,Direct Sales,07,,Rent
West Gate Business Hub,Gates,El Sheikh Zayed,Commercial,Retail,276,,,46050162,166848.413,4,4 Yrs,0.3,,,RTM,Core & Shell,,,2025-06-25,Salah,Direct Sales,07,,Sell
Space Mall,Gates,El Sheikh Zayed,Commercial,Clinic,90,,,11159736,123997.0667,9,9 Yrs,0.15,,,2029,Core & Shell,,,2025-06-25,Salah,Direct Sales,07,,Rent
Space Mall,Gates,El Sheikh Zayed,Commercial,Clinic,115,,,13406521,116578.4435,9,9 Yrs,0.15,,,2029,Core & Shell,,,2025-06-25,Salah,Direct Sales,07,,Sell
Space Mall,Gates,El Sheikh Zayed,Commercial,Retail,105,,,19953802,190036.2095,9,9 Yrs,0.15,,,2029,Core & Shell,,,2025-06-25,Salah,Direct Sales,07,,Sell
Space Mall,Gates,El Sheikh Zayed,Commercial,Retail,105,,,20821358,198298.6476,9,9 Yrs,0.15,,,2029,Core & Shell,,,2025-06-25,Salah,Direct Sales,07,,Rent
Lugar,Gates,New Zayed,Residential,Apartment,115,,,10061225,87488.91304,8,8 Yrs,0.1,,,2029,Core & Shell,,,2025-06-25,Salah,Direct Sales,07,,Rent
Lugar,Gates,New Zayed,Residential,Apartment,115,,,10080799,87659.12174,8,8 Yrs,0.1,,,2029,Core & Shell,,,2025-06-25,Salah,Direct Sales,07,,Sell
Lugar,Gates,New Zayed,Residential,Townhouse,185,,,15063237,81422.9027,8,8 Yrs,0.1,,,2029,Core & Shell,,,2025-06-25,Salah,Direct Sales,07,,Sell
Lugar,Gates,New Zayed,Residential,Villa,255,,,29322486,114990.1412,8,8 Yrs,0.1,,,2029,Core & Shell,,,2025-06-25,Salah,Direct Sales,07,,Sell
Catalan,Gates,New Adm. Capital,Residential,Apartment,175,,,6121629,34980.73714,5,5 Yrs,0.2,,,RTM,Semi-Finished,,,2025-06-25,Salah,Direct Sales,07,,Sell
Catalan,Gates,New Adm. Capital,Residential,Apartment,175,,,6178840,35307.65714,5,5 Yrs,0.2,,,RTM,Semi-Finished,,,2025-06-25,Salah,Direct Sales,07,,Sell
Catalan,Gates,New Adm. Capital,Residential,Duplex,335,,,12401569,37019.60896,5,5 Yrs,0.2,,,RTM,Semi-Finished,,,2025-06-25,Salah,Direct Sales,07,,Sell
Catalan,Gates,New Adm. Capital,Residential,Duplex,382,,,12454570,32603.58639,5,5 Yrs,0.2,,,RTM,Semi-Finished,,,2025-06-25,Salah,Direct Sales,07,,Sell
The Brooks,PRE Developments,El Qattameya,Residential,Apartment,116,,,6500000,56034.48276,10,10 Yrs,0.05,,,2029,Core & Shell,,,2025-06-25,Salah,Direct Sales,07,,Sell
The Brooks,PRE Developments,El Qattameya,Residential,Apartment,145,,,8000000,55172.41379,10,10 Yrs,0.05,,,2029,Core & Shell,,,2025-06-25,Salah,Direct Sales,07,,Sell
The Brooks,PRE Developments,El Qattameya,Residential,Apartment,211,,,13500000,63981.04265,10,10 Yrs,0.05,,,2029,Core & Shell,,,2025-06-25,Salah,Direct Sales,07,,Sell
At East,Al Ahly Sabbour,Mostakbal City,Residential,Villa,190,,,26230000,138052.6316,10,10 Yrs,0.1,,,2029,Core & Shell,,,2025-06-19,Nourhan,Direct Sales,07,,Sell
At East,Al Ahly Sabbour,Mostakbal City,Residential,Villa,220,,,46317000,210531.8182,10,10 Yrs,0.1,,,2029,Fully Finished,,,2025-06-20,Nourhan,Direct Sales,07,,Sell
At East,Al Ahly Sabbour,Mostakbal City,Residential,Townhouse,180,,,22362000,124233.3333,10,10 Yrs,0.1,,,2029,Core & Shell,,,2025-06-21,Nourhan,Direct Sales,07,,Sell
At East,Al Ahly Sabbour,Mostakbal City,Residential,Duplex,145,,,13160000,90758.62069,10,10 Yrs,0.1,,,2029,Core & Shell,,,2025-06-22,Nourhan,Direct Sales,07,,Sell
At East,Al Ahly Sabbour,Mostakbal City,Residential,Penthouse,130,,,11975000,92115.38462,10,10 Yrs,0.1,,,2029,Core & Shell,,,2025-06-23,Nourhan,Direct Sales,07,,Rent
At East,Al Ahly Sabbour,Mostakbal City,Residential,Apartment,80,,,6345000,79312.5,10,10 Yrs,0.1,,,2029,Core & Shell,,,2025-06-24,Nourhan,Direct Sales,07,,Sell
At East,Al Ahly Sabbour,Mostakbal City,Residential,Apartment,80,,,7045000,88062.5,10,10 Yrs,0.1,,,2029,Core & Shell,,,2025-06-25,Nourhan,Direct Sales,07,,Sell
At East,Al Ahly Sabbour,Mostakbal City,Residential,Apartment,65,,,5530000,85076.92308,10,10 Yrs,0.1,,,2029,Core & Shell,,,2025-06-26,Nourhan,Direct Sales,07,,Rent
Gaia,Al Ahly Sabbour,North coast,Residential,Chalet,97,,,11738000,121010.3093,10,10 Yrs,0.1,,,2029,Fully Finished,,,2025-06-26,Nourhan,Direct Sales,07,,Sell
Gaia,Al Ahly Sabbour,North coast,Residential,Villa,265,,,60468000,228181.1321,10,10 Yrs,0.1,,,2029,Fully Finished,,,2025-06-26,Nourhan,Direct Sales,07,,Sell
Gaia,Al Ahly Sabbour,North coast,Residential,Townhouse,175,,,29700000,169714.2857,10,10 Yrs,0.1,,,2029,Fully Finished,,,2025-06-26,Nourhan,Direct Sales,07,,Rent
Green Square-2,Al Ahly Sabbour,Mostakbal City,Residential,Apartment,265,,,19586000,73909.43396,6,6 Yrs,0.1,,,2025,Core & Shell,,,2025-06-26,Nourhan,Direct Sales,07,,Sell
Keeva,Al Ahly Sabbour,New Adm. Capital,Residential,Townhouse,225,,,26922000,119653.3333,9,9 Yrs,0.1,,,2029,Core & Shell,,,2025-06-26,Nourhan,Direct Sales,07,,Sell
Keeva,Al Ahly Sabbour,New Adm. Capital,Residential,Twinhouse,265,,,35583000,134275.4717,9,9 Yrs,0.1,,,2029,Core & Shell,,,2025-06-26,Nourhan,Direct Sales,07,,Sell
L'Avenir 2,Al Ahly Sabbour,Mostakbal City,Residential,Apartment,220,,,16906000,76845.45455,5,5 Yrs,0.3,,,2029,Core & Shell,,,2025-06-26,Nourhan,Direct Sales,07,,Rent
Odyssia,Al Ahly Sabbour,Mostakbal City,Residential,Apartment,229,,,16695000,72903.93013,10,10 Yrs,0.05,,,2029,Fully Finished,,,2025-06-26,Nourhan,Direct Sales,07,,Sell
Odyssia,Al Ahly Sabbour,Mostakbal City,Residential,Apartment,224,,,15456000,69000,10,10 Yrs,0.05,,,2029,Core & Shell,,,2025-06-26,Nourhan,Direct Sales,07,,Rent
Odyssia,Al Ahly Sabbour,Mostakbal City,Residential,Apartment,209,,,15048000,72000,10,10 Yrs,0.05,,,2029,Fully Finished,,,2025-06-26,Nourhan,Direct Sales,07,,Sell
Odyssia,Al Ahly Sabbour,Mostakbal City,Residential,Apartment,90,,,7447000,82744.44444,10,10 Yrs,0.05,,,2029,Fully Finished,,,2025-06-26,Nourhan,Direct Sales,07,,Sell
Odyssia,Al Ahly Sabbour,Mostakbal City,Residential,Townhouse,303,,,32084000,105887.7888,10,10 Yrs,0.05,,,2029,Core & Shell,,,2025-06-26,Nourhan,Direct Sales,07,,Sell
Rare,Al Ahly Sabbour,Mostakbal City,Residential,Townhouse,199,,,22906000,115105.5276,9,9 Yrs,0.05,,,2029,Core & Shell,,,2025-06-26,Nourhan,Direct Sales,07,,Rent
Summer,Al Ahly Sabbour,North coast,Residential,Apartment,95,,,9968000,104926.3158,10,10 Yrs,0.1,,,2029,Fully Finished,,,2025-06-26,Nourhan,Direct Sales,07,,Sell
Summer,Al Ahly Sabbour,North coast,Residential,Apartment,134,,,16380000,122238.806,10,10 Yrs,0.1,,,2029,Fully Finished,,,2025-06-26,Nourhan,Direct Sales,07,,Sell
Summer,Al Ahly Sabbour,North coast,Residential,Chalet,179,,,19611000,109558.6592,10,10 Yrs,0.1,,,2029,Fully Finished,,,2025-06-26,Nourhan,Direct Sales,07,,Sell
Summer,Al Ahly Sabbour,North coast,Residential,Townhouse,165,,,25139000,152357.5758,10,10 Yrs,0.1,,,2029,Fully Finished,,,2025-06-26,Nourhan,Direct Sales,07,,Sell
Summer,Al Ahly Sabbour,North coast,Residential,Villa,325,,,104170000,320523.0769,10,10 Yrs,0.1,,,2028,Fully Finished,,,2025-06-26,Nourhan,Direct Sales,07,,Sell
The Morning,Al Ahly Sabbour,1st Settlement,Residential,Apartment,72,,,10447000,145097.2222,8,8 Yrs,0.05,,,2028,Fully Finished,,,2025-06-26,Nourhan,Direct Sales,07,,Sell
The Morning,Al Ahly Sabbour,1st Settlement,Residential,Apartment,66,,,5779000,87560.60606,8,8 Yrs,0.05,,,2028,Core & Shell,,,2025-06-26,Nourhan,Direct Sales,07,,Sell
The Morning,Al Ahly Sabbour,1st Settlement,Residential,Apartment,118,,,13842000,117305.0847,8,8 Yrs,0.05,,,2028,Fully Finished,,,2025-06-26,Nourhan,Direct Sales,07,,Sell
The Morning,Al Ahly Sabbour,1st Settlement,Residential,Apartment,120,,,10628000,88566.66667,8,8 Yrs,0.05,,,2028,Core & Shell,,,2025-06-26,Nourhan,Direct Sales,07,,Sell
The Morning,Al Ahly Sabbour,1st Settlement,Residential,Apartment,157,,,17817000,113484.0764,8,8 Yrs,0.05,,,2028,Fully Finished,,,2025-06-26,Nourhan,Direct Sales,07,,Sell
The Morning,Al Ahly Sabbour,1st Settlement,Residential,Apartment,148,,,15608000,105459.4595,8,8 Yrs,0.05,,,2028,Core & Shell,,,2025-06-26,Nourhan,Direct Sales,07,,Sell
The Morning,Al Ahly Sabbour,1st Settlement,Commercial,Office,96,,,13940000,145208.3333,8,8 Yrs,0.05,,,2028,Core & Shell,,,2025-06-26,Nourhan,Direct Sales,07,,Rent
The Morning,Al Ahly Sabbour,1st Settlement,Residential,Apartment,120,,,10628000,88566.66667,8,8 Yrs,0.05,,,2028,Fully Finished,,,2025-06-26,Nourhan,Direct Sales,07,,Sell
The Morning,Al Ahly Sabbour,1st Settlement,Commercial,Clinic,77,,,12281000,159493.5065,8,8 Yrs,0.05,,,2028,Core & Shell,,,2025-06-26,Nourhan,Direct Sales,07,,Sell
The RIDGE Villas,Al Ahly Sabbour,Mostakbal City,Residential,Townhouse,275,,,30732000,111752.7273,10,10 Yrs,0.05,,,2029,Core & Shell,,,2025-06-26,Nourhan,Direct Sales,07,,Sell
The RIDGE Villas,Al Ahly Sabbour,Mostakbal City,Residential,Townhouse,313,,,30732000,98185.30351,10,10 Yrs,0.05,,,2029,Fully Finished,,,2025-06-26,Nourhan,Direct Sales,07,,Sell
Rivers,Tatweer Misr,El Sheikh Zayed,Residential,Apartment,160,,,16632000,103950,10,10 Yrs,0.1,,,2029,Core & Shell,,,2025-06-26,Nourhan,Direct Sales,07,,Rent
Rivers,Tatweer Misr,El Sheikh Zayed,Residential,Duplex,235,,,23067000,98157.44681,10,10 Yrs,0.1,,,2029,Core & Shell,,,2025-06-26,Nourhan,Direct Sales,07,,Rent
Rivers,Tatweer Misr,El Sheikh Zayed,Residential,Townhouse,205,,,23347000,113887.8049,10,10 Yrs,0.1,,,2029,Core & Shell,,,2025-06-26,Nourhan,Direct Sales,07,,Rent
Rivers,Tatweer Misr,El Sheikh Zayed,Residential,Twinhouse,227,,,30317000,133555.0661,10,10 Yrs,0.1,,,2029,Core & Shell,,,2025-06-26,Nourhan,Direct Sales,07,,Rent
Rivers,Tatweer Misr,El Sheikh Zayed,Residential,Villa,350,,,54986000,157102.8571,10,10 Yrs,0.1,,,2029,Core & Shell,,,2025-06-26,Nourhan,Direct Sales,07,,Sell
Azha North,Madaar,North coast,Residential,Chalet,139,,,26203000,188510.7914,8,8 Yrs,0.05,,,2027,Fully Finished,,,2025-06-26,Nourhan,Direct Sales,07,,Rent
Azha North,Madaar,North coast,Residential,Chalet,146,,,20145000,137979.4521,8,8 Yrs,0.05,,,2027,Fully Finished,,,2025-06-26,Nourhan,Direct Sales,07,,Sell
Azha North,Madaar,North coast,Residential,Penthouse,224,,,22877670,102132.4554,8,8 Yrs,0.05,,,2027,Fully Finished,,,2025-06-26,Nourhan,Direct Sales,07,,Sell
Azha North,Madaar,North coast,Residential,Penthouse,153,,,17224000,112575.1634,8,8 Yrs,0.05,,,2027,Fully Finished,,,2025-06-26,Nourhan,Direct Sales,07,,Sell
Azha,Madaar,Ain Sokhna,Residential,Chalet,82,,,9020000,110000,8,8 Yrs,0.15,,,2026,Fully Finished,,,2025-06-26,Nourhan,Direct Sales,07,,Rent
Azha,Madaar,Ain Sokhna,Residential,Villa,312,,,41291640,132345,8,8 Yrs,0.15,,,2026,Fully Finished,,,2025-06-26,Nourhan,Direct Sales,07,,Sell
Azha,Madaar,Ain Sokhna,Residential,Chalet,147,,,25152000,171102.0408,8,8 Yrs,0.15,,,2026,Fully Finished,,,2025-06-26,Nourhan,Direct Sales,07,,Rent
Azha,Madaar,Ain Sokhna,Residential,Twinhouse,243,,,26034000,107135.8025,8,8 Yrs,0.15,,,2026,Fully Finished,,,2025-06-26,Nourhan,Direct Sales,07,,Sell
Majada,IWAN,Ain Sokhna,Residential,Twinhouse,180,,,16725516,92919.53333,9,9 Yrs,0.05,,,2029,Fully Finished,,,2025-06-25,Farah,Direct Sales,07,"0% down paymemts,8 years",Sell
Majada,IWAN,Ain Sokhna,Residential,Twinhouse,185,,,17372987.1,93908.03836,9,9 Yrs,0.05,,,2029,Fully Finished,,,2025-06-25,Farah,Direct Sales,07,"0% down paymemts,8 years",Sell
Majada,IWAN,Ain Sokhna,Residential,Townhouse,156,,,18271179.29,117122.9442,9,9 Yrs,0.05,,,2029,Fully Finished,,,2025-06-25,Farah,Direct Sales,07,"0% down paymemts,8 years",Rent
Majada,IWAN,Ain Sokhna,Residential,Townhouse,163,,,19091039.9,117122.9442,9,9 Yrs,0.05,,,2029,Fully Finished,,,2025-06-25,Farah,Direct Sales,07,"0% down paymemts,8 years",Sell
Majada,IWAN,Ain Sokhna,Residential,Apartment,150,,,11527961.6,76853.0773,9,9 Yrs,0.05,,,2029,Fully Finished,,,2025-06-25,Farah,Direct Sales,07,"0% down paymemts,8 years, Garden 97",Sell
Majada,IWAN,Ain Sokhna,Residential,Apartment,100,,,8161966.578,81619.66578,9,9 Yrs,0.05,,,2029,Fully Finished,,,2025-06-25,Farah,Direct Sales,07,"0% down paymemts,8 years",Sell
Majada,IWAN,Ain Sokhna,Residential,Apartment,80,,,6806986.847,85087.33558,9,9 Yrs,0.05,,,2029,Fully Finished,,,2025-06-25,Farah,Direct Sales,07,"0% down paymemts,8 years,Garden  27",Sell
Majada,IWAN,Ain Sokhna,Residential,Apartment,75,,,6669492.69,88926.56919,9,9 Yrs,0.05,,,2029,Fully Finished,,,2025-06-25,Farah,Direct Sales,07,"0% down paymemts,8 years",Rent
The Trine,IWAN,El Sheikh Zayed,Commercial,Clinic,88,,,13010809.94,147850.113,5,5 Yrs,0.15,,,2026,Fully Finished,,,2025-06-25,Farah,Direct Sales,07,"15%,5% contract payments ",Sell
The Trine,IWAN,El Sheikh Zayed,Commercial,Clinic,104,,,15956560.62,153428.4675,5,5 Yrs,0.15,,,2026,Fully Finished,,,2025-06-25,Farah,Direct Sales,07,,Sell
The Trine,IWAN,El Sheikh Zayed,Commercial,Office,107,,,13418553.68,125407.0437,5,5 Yrs,0.15,,,2026,Fully Finished,,,2025-06-25,Farah,Direct Sales,07,,Sell
The Trine,IWAN,El Sheikh Zayed,Commercial,Office,94,,,12111450.53,128845.2184,5,5 Yrs,0.15,,,2026,Fully Finished,,,2025-06-25,Farah,Direct Sales,07,,Sell
The Trine,IWAN,El Sheikh Zayed,Commercial,Office,136,,,15770870.94,115962.2863,5,5 Yrs,0.15,,,2026,Fully Finished,,,2025-06-25,Farah,Direct Sales,07,,Sell
Jebal El Sokhna,PRE Developments,Ain Sokhna,Residential,Chalet,72,,,5178000,71916.66667,6,6 Yrs - 10 Yrs,0.1,,,2025,Fully Finished,,,2025-06-25,Farah,Nawy,07," 10%,6 years (delivery in 6 months) ,5%,8 years (delivery in 2 years) 5%,10 years (delivery in 4 years)",Sell
Jebal El Sokhna,PRE Developments,Ain Sokhna,Residential,Chalet,119,,,5836000,49042.01681,10,6 Yrs - 10 Yrs,0.05,,,2029,Fully Finished,,,2025-06-25,Farah,Nawy,07," 10%,6 years (delivery in 6 months) ,5%,8 years (delivery in 2 years) 5%,10 years (delivery in 4 years)",Rent
Jebal El Sokhna,PRE Developments,Ain Sokhna,Residential,Chalet,94,,,6993000,74393.61702,8,6 Yrs - 10 Yrs,0.05,,,2027,Fully Finished,,,2025-06-25,Farah,Nawy,07," 10%,6 years (delivery in 6 months) ,5%,8 years (delivery in 2 years) 5%,10 years (delivery in 4 years)",Sell
Jebal El Sokhna,PRE Developments,Ain Sokhna,Residential,Chalet,135,,,9268000,68651.85185,6,6 Yrs - 10 Yrs,0.1,,,2025,Fully Finished,,,2025-06-25,Farah,Nawy,07," 10%,6 years (delivery in 6 months) ,5%,8 years (delivery in 2 years) 5%,10 years (delivery in 4 years)",Rent
Cape Bay Lasirena,Lasirena Group,Ain Sokhna,Residential,Chalet,65,,,3900000,60000,8,6 Yrs - 8 Yrs,0.1,,,2029,Fully Finished,,,2025-06-25,Farah,Nawy,07,"10%,20%,30% (8 years), Golf view 1 (view Golf)",Rent
Cape Bay Lasirena,Lasirena Group,Ain Sokhna,Residential,Chalet,75,,,4435000,59133.33333,6,6 Yrs - 8 Yrs,0.3,,,2028,Fully Finished,,,2025-06-25,Farah,Nawy,07,"30% ,6 years, A phase (view Golf)",Sell
Cape Bay Lasirena,Lasirena Group,Ain Sokhna,Residential,Chalet,80,,,4735000,59187.5,7,6 Yrs - 8 Yrs,0.3,,,2028,Fully Finished,,,2025-06-25,Farah,Nawy,07,"10%,15%,20%,25%,30% (7 Years)",Sell
Cape Bay Lasirena,Lasirena Group,Ain Sokhna,Residential,Chalet,85,,,4860000,57176.47059,7,6 Yrs - 8 Yrs,0.3,,,2028,Fully Finished,,,2025-06-25,Farah,Nawy,07,"10%,15%,20%,25%,30% (7 Years)",Sell
Cape Bay Lasirena,Lasirena Group,Ain Sokhna,Residential,Chalet,105,,,5345000,50904.7619,7,6 Yrs - 8 Yrs,0.3,,,2028,Fully Finished,,,2025-06-25,Farah,Nawy,07,"10%,15%,20%,25%,30% (7 Years)",Sell
Aroma Al Sokhna,Residence Real Estate Developments,Ain Sokhna,Residential,Studio,50,,,5292000,105840,10,10 Yrs,0.1,,,2028,Fully Finished,,,2025-06-25,Farah,Direct Sales,07,"cash discount 40%,10% (8 years,10%discount),10% (10 years) ,""with garden""",Sell
Aroma Al Sokhna,Residence Real Estate Developments,Ain Sokhna,Residential,Apartment,50,,,4680000,93600,10,10 Yrs,0.1,,,2028,Fully Finished,,,2025-06-25,Farah,Direct Sales,07,"cash discount 40%,10% (8 years,10%discount),10% (10 years) ",Sell
Aroma Al Sokhna,Residence Real Estate Developments,Ain Sokhna,Residential,Apartment,55,,,5005000,91000,10,10 Yrs,0.1,,,2028,Fully Finished,,,2025-06-25,Farah,Direct Sales,07,"cash discount 40%,10% (8 years,10%discount),10% (10 years) ",Rent
Aroma Al Sokhna,Residence Real Estate Developments,Ain Sokhna,Residential,Studio,55,,,6120000,111272.7273,10,10 Yrs,0.1,,,2028,Fully Finished,,,2025-06-25,Farah,Direct Sales,07,"cash discount 40%,10% (8 years,10%discount),10% (10 years) ,""with garden""",Sell
Aroma Al Sokhna,Residence Real Estate Developments,Ain Sokhna,Residential,Apartment,60,,,5100000,85000,10,10 Yrs,0.1,,,2028,Fully Finished,,,2025-06-25,Farah,Direct Sales,07,"cash discount 40%,10% (8 years,10%discount),10% (10 years) ",Rent
Aroma Al Sokhna,Residence Real Estate Developments,Ain Sokhna,Residential,Apartment,65,,,6272500,96500,10,10 Yrs,0.1,,,2028,Fully Finished,,,2025-06-25,Farah,Direct Sales,07,"cash discount 40%,10% (8 years,10%discount),10% (10 years) ",Rent
Aroma Al Sokhna,Residence Real Estate Developments,Ain Sokhna,Residential,Apartment,100,,,8100000,81000,10,10 Yrs,0.1,,,2028,Fully Finished,,,2025-06-25,Farah,Direct Sales,07,"cash discount 40%,10% (8 years,10%discount),10% (10 years) ",Sell
G-BAY,United Development,Ain Sokhna,Residential,Studio,35,,,3010000,86000,8,8 Yrs,0.1,,,2028,Fully Finished,,,2025-06-25,Farah,Direct Sales,07,"5%DP ,5% Discount (9 Years),10% Dp,15% Discount (8 Years)",Sell
G-BAY,United Development,Ain Sokhna,Residential,Apartment,65,,,4600000,70769.23077,8,8 Yrs,0.1,,,2028,Fully Finished,,,2025-06-25,Farah,Direct Sales,07,"5%DP ,5% Discount (9 Years),10% Dp,15% Discount (8 Years)",Sell
G-BAY,United Development,Ain Sokhna,Residential,Apartment,90,,,6668000,74088.88889,8,8 Yrs,0.1,,,2028,Fully Finished,,,2025-06-25,Farah,Direct Sales,07,"5%DP ,5% Discount (9 Years),10% Dp,15% Discount (8 Years)",Rent
G-BAY,United Development,Ain Sokhna,Residential,Apartment,106,,,8500000,80188.67925,8,8 Yrs,0.1,,,2028,Fully Finished,,,2025-06-25,Farah,Direct Sales,07,"5%DP ,5% Discount (9 Years),10% Dp,15% Discount (8 Years)",Sell
6ixty Three,Borouj Misr,New Adm. Capital,Commercial,Office,88,,,12733885,144703.2386,6,6 Yrs,0.15,,,2026,Semi-Finished,,,2025-06-25,Farah,Nawy,07," cash discount 25% ,10% or 20% (5 Years), 15% (6 Years)",Sell
6ixty Three,Borouj Misr,New Adm. Capital,Commercial,Office,91,,,15011892,164965.8462,6,6 Yrs,0.15,,,2026,Core & Shell,,,2025-06-25,Farah,Nawy,07," cash discount 25% ,10% or 20% (5 Years), 15% (6 Years)",Rent
6ixty Three,Borouj Misr,New Adm. Capital,Commercial,Office,90,,,12733885,141487.6111,6,6 Yrs,0.15,,,2026,Core & Shell,,,2025-06-25,Farah,Direct Sales,07," cash discount 25% ,10% or 20% (5 Years), 15% (6 Years)",Rent
6ixty Iconic Tower,Borouj Misr,New Adm. Capital,Commercial,Office,34,,,6295000,185147.0588,4,4 Yrs,0.4,,,2028,Fully Finished,,,2025-06-25,Farah,Direct Sales,07,"Cash discount 25%,40% (4 Years),15% (5 Years),20% (6Years)",Rent
6ixty Iconic Tower,Borouj Misr,New Adm. Capital,Commercial,Office,59,,,11946600,202484.7458,4,4 Yrs,0.4,,,2028,Fully Finished,,,2025-06-25,Farah,Direct Sales,07,"Cash discount 25%,40% (4 Years),15% (5 Years),20% (6Years)",Sell
6ixty Iconic Tower,Borouj Misr,New Adm. Capital,Commercial,Retail,64,,,17006600,265728.125,4,4 Yrs,0.4,,,2028,Fully Finished,,,2025-06-25,Farah,Direct Sales,07,"Fist Floor,Cash discount 25%,40% (4 Years),15% (5 Years),20% (6Years)",Sell
6ixty Iconic Tower,Borouj Misr,New Adm. Capital,Commercial,Retail,32,,,11568020,361500.625,4,4 Yrs,0.4,,,2028,Fully Finished,,,2025-06-25,Farah,Direct Sales,07,"Ground floor,Cash discount 25%,40% (4 Years),15% (5 Years),20% (6Years)",Rent
6ixty Iconic Tower,Borouj Misr,New Adm. Capital,Commercial,Studio,54,,,12695400,235100,5,5 Yrs,0.15,,,2028,Furnished,,,2025-06-25,Farah,Direct Sales,07,"serviced studio,Cash discount 25%,40% (4 Years),15% (5 Years),20% (6Years)",Sell
6ixty Heliopolis,Borouj Misr,Sheraton,Commercial,Office,56,,,8220553,146795.5893,5,5 Yrs,0.1,,,2027,Core & Shell,,,2025-06-25,Farah,Direct Sales,07,"cash discount 35%,10% DP,5% discount (5 years) , 10% DP (6 years),15% DP (7 years)",Sell
6ixty Heliopolis,Borouj Misr,Sheraton,Commercial,Retail,80,,,18400000,230000,7,7 Yrs,0.1,,,2027,Core & Shell,,,2025-06-25,Farah,Direct Sales,07,,Sell
Future Commercial Center (FCC),Borouj Misr,5th Settlement,Commercial,Office,55,,,6875000,125000,7,7 Yrs,0.05,,,2028,Core & Shell,,,2025-06-25,Farah,Nawy,07,5% DP (6YEARS AND 7 YEARS),Rent
Future Commercial Center (FCC),Borouj Misr,5th Settlement,Commercial,Retail,39,,,11310000,290000,7,7 Yrs,0.05,,,2028,Core & Shell,,,2025-06-25,Farah,Nawy,07,5% DP (6YEARS AND 7 YEARS),Sell
Heaven Hills Porto El Sokhna,Borouj Misr,Ain Sokhna,Residential,Chalet,50,,,2745750,54915,3,3 Yrs,0.3,,,RTM,Fully Finished,,,2025-06-25,Farah,Direct Sales,07,cash discount 20%,Sell
BIANCHI ILIOS ,Borouj Misr,North coast,Residential,Apartment,196,,,18300000,93367.34694,8,8 Yrs,0.05,,,RTM,Fully Finished,,,2025-06-25,Farah,Direct Sales,07,"10% discounts,5% DP (10 years),20% discount ,5% DP (8 years),25% Discount,10% DP (6 years), 20% DP (12 years)",Sell
BIANCHI ILIOS ,Borouj Misr,North coast,Residential,Studio,36,,,6400000,177777.7778,8,8 Yrs,0.05,,,RTM,Fully Finished,,,2025-06-25,Farah,Direct Sales,07,"10% discounts,5% DP (10 years),20% discount ,5% DP (8 years),25% Discount,10% DP (6 years), 20% DP (12 years)",Sell
BIANCHI ILIOS ,Borouj Misr,North coast,Residential,Apartment,111,,,15000000,135135.1351,8,8 Yrs,0.05,,,RTM,Fully Finished,,,2025-06-25,Farah,Direct Sales,07,"10% discounts,5% DP (10 years),20% discount ,5% DP (8 years),25% Discount,10% DP (6 years), 20% DP (12 years)",Sell
BIANCHI ILIOS ,Borouj Misr,North coast,Residential,Apartment,174,,,19400000,111494.2529,8,8 Yrs,0.05,,,RTM,Fully Finished,,,2025-06-25,Farah,Direct Sales,07," Garden (90 m) 10% discounts,5% DP (10 years),20% discount ,5% DP (8 years),25% Discount,10% DP (6 years), 20% DP (12 years)",Sell
6ixty Business Park,Borouj Misr,New Adm. Capital,Commercial,Office,56,,,8125000,145089.2857,2,2 Yrs,0.6,,,RTM,Fully Finished,,,2025-06-25,Farah,Direct Sales,07,,Rent
Kasakuon - Eastville,Ajna Developments,5th Settlement,Residential,Services Apartment,54,,,4800000,88888.88889,10,10 Yrs,0.1,,,2029,Fully Finished,,,2025-06-25,Nour,Direct Sales,07,A 1 bedroom Serviced Apartment in Kasakuon - Eastville by Ajna Developments. The Serviced Apartment size is 54 m2 with 1 bathrooms.,Sell
Kasakuon - Eastville,Ajna Developments,5th Settlement,Residential,Studio,46,,,3800000,82608.69565,10,10 Yrs,0.1,,,2029,Fully Finished,,,2025-06-25,Nour,Direct Sales,07,A Serviced Studio in Kasakuon - Eastville by Ajna Developments. The Serviced Studio size is 46 m2 with 1 bathrooms.,Sell
Kasakuon - Eastville,Ajna Developments,5th Settlement,Residential,Services Apartment,85,,,7800000,91764.70588,10,10 Yrs,0.1,,,2029,Fully Finished,,,2025-06-25,Nour,Direct Sales,07,A 2 bedroom Serviced Apartment in Kasakuon - Eastville by Ajna Developments. The Serviced Apartment size is 85 m2 with 2 bathrooms.,Sell
Kasakuon - Eastville,Ajna Developments,5th Settlement,Residential,Services Apartment,110,,,9600000,87272.72727,10,10 Yrs,0.1,,,2029,Fully Finished,,,2025-06-25,Nour,Direct Sales,07,A 2 bedroom Serviced Apartment in Kasakuon - Eastville by Ajna Developments. The Serviced Apartment size is 110 m2 with 2 bathrooms.,Rent
Eastville,Ajna Developments,5th Settlement,Residential,Townhouse,190,,,15556000,81873.68421,9,9 Yrs,0.1,,,2029,Core & Shell,,,2025-06-25,Nour,Direct Sales,07,,Sell
Eastville,Ajna Developments,5th Settlement,Residential,Townhouse,230,,,18700000,81304.34783,9,9 Yrs,0.1,,,2029,Core & Shell,,,2025-06-25,Nour,Direct Sales,07,,Sell
Eastville,Ajna Developments,5th Settlement,Residential,Twinhouse,290,,,27233000,93906.89655,9,9 Yrs,0.1,,,2029,Core & Shell,,,2025-06-25,Nour,Direct Sales,07,,Sell
Il Monte Galala,Tatweer Misr,Ain Sokhna,Residential,Services Apartment,131,,,9594000,73236.64122,5,5 Yrs,0.05,,,2029,Fully Finished,,,2025-06-25,Nour,Direct Sales,07,,Sell
Il Monte Galala,Tatweer Misr,Ain Sokhna,Residential,Services Apartment,108,,,7917000,73305.55556,5,5 Yrs,0.05,,,2029,Fully Finished,,,2025-06-25,Nour,Direct Sales,07,,Sell
Il Monte Galala,Tatweer Misr,Ain Sokhna,Residential,Chalet,115,,,7346000,63878.26087,5,5 Yrs,0.05,,,2029,Fully Finished,,,2025-06-25,Nour,Direct Sales,07,,Sell
Il Monte Galala,Tatweer Misr,Ain Sokhna,Residential,Chalet,105,,,6773000,64504.7619,5,5 Yrs,0.05,,,2029,Fully Finished,,,2025-06-25,Nour,Direct Sales,07,,Sell
Il Monte Galala,Tatweer Misr,Ain Sokhna,Residential,Chalet,136,,,12893000,94801.47059,5,5 Yrs,0.05,,,2029,Fully Finished,,,2025-06-25,Nour,Direct Sales,07,,Rent
Il Monte Galala,Tatweer Misr,Ain Sokhna,Residential,Villa,450,,,46799000,103997.7778,5,5 Yrs,0.05,,,2029,Fully Finished,,,2025-06-25,Nour,Direct Sales,07,,Sell
Il Monte Galala,Tatweer Misr,Ain Sokhna,Residential,Villa,323,,,27105000,83916.40867,5,5 Yrs,0.05,,,2029,Fully Finished,,,2025-06-25,Nour,Direct Sales,07,,Sell
Il Monte Galala,Tatweer Misr,Ain Sokhna,Residential,Duplex,225,,,19407000,86253.33333,5,5 Yrs,0.05,,,2029,Fully Finished,,,2025-06-25,Nour,Direct Sales,07,,Sell
Boho El Sokhna,Atric,Ain Sokhna,Residential,Chalet,114,,,11285300,98993.85965,7,7 Yrs,0.1,,,RTM,Fully Finished,,,2025-06-25,Nour,Direct Sales,07,,Sell
Boho El Sokhna,Atric,Ain Sokhna,Residential,Duplex,187,,,18623000,99588.23529,7,7 Yrs,0.1,,,RTM,Fully Finished,,,2025-06-25,Nour,Direct Sales,07,,Sell
Baymount,Maven,Ain Sokhna,Residential,Townhouse,145,,,18583000,128158.6207,8,8 Yrs,0.05,,,2026,Fully Finished,,,2025-06-25,Nour,Direct Sales,07,,Rent
Baymount,Maven,Ain Sokhna,Residential,Chalet,64,,,8053000,125828.125,8,8 Yrs,0.05,,,2026,Fully Finished,,,2025-06-25,Nour,Direct Sales,07,,Sell
Baymount,Maven,Ain Sokhna,Residential,Studio,56,,,6718000,119964.2857,8,8 Yrs,0.05,,,2026,Fully Finished,,,2025-06-25,Nour,Direct Sales,07,,Sell
Eastside,LMD,1st Settlement,Commercial,Office,107,,,16092000,150392.5234,8,8 Yrs,0.05,,,2028,Core & Shell,,,2025-07-02,Nour,Nawy,07,,Sell
Eastside,LMD,1st Settlement,Commercial,Office,141,,,21009000,149000,8,8 Yrs,0.05,,,2028,Core & Shell,,,2025-07-03,Nour,Nawy,07,,Sell
Eastside,LMD,1st Settlement,Commercial,Office,262,,,39955000,152500,8,8 Yrs,0.05,,,2028,Core & Shell,,,2025-07-04,Nour,Nawy,07,,Sell
Eastside,LMD,1st Settlement,Commercial,Retail,174,,,63029688,362239.5862,8,8 Yrs,0.05,,,2027,Core & Shell,,,2025-07-05,Nour,Nawy,07,,Rent
Eastside,LMD,1st Settlement,Commercial,Retail,237,,,63297187,267076.7384,8,8 Yrs,0.05,,,2027,Core & Shell,,,2025-07-06,Nour,Nawy,07,,Rent
Eastside,LMD,1st Settlement,Commercial,Retail,357,,,95497500,267500,8,8 Yrs,0.05,,,2027,Core & Shell,,,2025-07-07,Nour,Nawy,07,,Sell
The Capitalway,The Waterway,New Adm. Capital,Residential,Apartment,90,,,7343000,81588.88889,7,7 Yrs,0.1,,,2027,Semi-Finished,,,2025-07-25,Nour,Nawy,06,,Sell
The Capitalway,The Waterway,New Adm. Capital,Residential,Apartment,175,,,12521000,71548.57143,7,7 Yrs,0.1,,,2027,Semi-Finished,,,2025-07-25,Nour,Nawy,06,,Sell
The Capitalway,The Waterway,New Adm. Capital,Residential,Apartment,120,,,10661000,88841.66667,7,7 Yrs,0.1,,,2027,Semi-Finished,,,2025-07-25,Nour,Nawy,06,,Rent
Bleu Vert,Saudi Egyptian Developers,New Adm. Capital,Residential,Apartment,145,,,9501000,65524.13793,8,8 Yrs,0.1,,,2025,Fully Finished,,,2025-07-25,Nour,Nawy,06,,Rent
Bleu Vert,Saudi Egyptian Developers,New Adm. Capital,Residential,Apartment,159,,,9838000,61874.21384,8,8 Yrs,0.1,,,2025,Fully Finished,,,2025-07-25,Nour,Nawy,06,,Sell
Aliva,Mountain View,Mostakbal City,Residential,Apartment,130,,,10242531,78788.7,12,12 Yrs,0.015,,,2029,Core & Shell,,,2025-09-25,Farah,Nawy,04,1.5% after 1 month,Sell
Aliva,Mountain View,Mostakbal City,Residential,Apartment,110,,,11204756,101861.4182,12,12 Yrs,0.015,,,2029,Core & Shell,,,2025-09-26,Farah,Nawy,04,1.5% after 1 month,Rent
Aliva,Mountain View,Mostakbal City,Residential,Apartment,350,,,54918654,156910.44,12,12 Yrs,0.015,,,2030,Core & Shell,,,2025-09-27,Farah,Nawy,04,1.5% after 1 month,Sell
Aliva,Mountain View,Mostakbal City,Residential,Apartment,525,,,100184226,190827.0971,12,12 Yrs,0.015,,,2030,Core & Shell,,,2025-09-28,Farah,Nawy,04,1.5% after 1 month,Rent
Aliva,Mountain View,Mostakbal City,Residential,Townhouse,210,,,25340063,120666.9667,12,12 Yrs,0.015,,,2029,Core & Shell,,,2025-09-29,Farah,Nawy,04,,Sell
Aliva,Mountain View,Mostakbal City,Residential,Duplex,180,,,18165426,100919.0333,12,12 Yrs,0.015,,,2029,Fully Finished,,,2025-09-30,Farah,Nawy,04,,Sell
Aliva,Mountain View,Mostakbal City,Residential,Duplex,255,,,19777301,77558.04314,12,12 Yrs,0.015,,,2029,Fully Finished,,,2025-09-25,Farah,Nawy,04,,Sell
Grand Valleys,Mountain View,New Adm. Capital,Residential,Townhouse,250,,,31113463,124453.852,6,6 Yrs - 8 Yrs,0.35,,,2026,Fully Finished,,,2025-09-26,Farah,Nawy,04,,Sell
Mountain View Icity,Mountain View,5th Settlement,Residential,Apartment,125,,,10386391,83091.128,8,8 Yrs,0.1,,,RTM,Core & Shell,,,2025-09-27,Farah,Nawy,04,7 Yrs (10%) down payment,Sell
Mountain View Hyde Park,Mountain View,6th Settlement,Residential,Apartment,150,,,17637891,117585.94,7,7 Yrs,0.1,,,2026,Core & Shell,,,2025-09-28,Farah,Nawy,04,"10% down payment,5% after 6 Months",Rent
Mountain View Icity,Mountain View,5th Settlement,Residential,Apartment,125,,,10386391,83091.128,8,8 Yrs,0.1,,,RTM,Core & Shell,,,2025-09-29,Farah,Nawy,04,"5% down payment,5% after 6 months,40% cash discount",Sell
Mountain View Hyde Park,Mountain View,6th Settlement,Residential,Apartment,200,,,20340201,101701.005,7,7 Yrs,0.15,,,RTM,Core & Shell,,,2025-09-30,Farah,Nawy,04,,Sell
Evia Mountain View,Mountain View,Ras El Hekma,Residential,Townhouse,170,,,23817321,140101.8882,8,8 Yrs,0.1,,,2028,Core & Shell,,,2025-09-30,Farah,Nawy,04,"5% down payment,5% after 6 months",Rent
Evia Mountain View,Mountain View,Ras El Hekma,Residential,Chalet,85,,,11642181,136966.8353,8,8 Yrs,0.1,,,2028,Core & Shell,,,2025-09-25,Farah,Nawy,04,"5% down payment,5% after 6 months",Sell
Mountain View Icity October,Mountain View,6th of October,Residential,Apartment,110,,,9376809,85243.71818,9,9 Yrs - 12 Yrs,0.05,,,2028,Core & Shell,,,2025-09-26,Farah,Nawy,04,Club Park Icity October,Sell
Mountain View Icity October,Mountain View,6th of October,Residential,Apartment,115,,,12770829,111050.687,12,9 Yrs - 12 Yrs,0.03,,,2030,Core & Shell,,,2025-09-27,Farah,Nawy,04,"1.5% down payment,1.5 after month (Laggon Beach House)",Rent
Mountain View Icity October,Mountain View,6th of October,Residential,Villa,175,,,16704644,95455.10857,5,5 Yrs - 8 Yrs,0.15,,,2028,Core & Shell,,,2025-09-28,Farah,Nawy,04,Club Park Icity October,Sell
Mountain View Icity October,Mountain View,6th of October,Residential,Villa,385,,,56641787,147121.5247,8,5 Yrs - 8 Yrs,0.15,,,2028,Core & Shell,,,2025-09-29,Farah,Nawy,04,"10% down payment,5% after one year(MV Park Lake House)",Rent
LVLS Mountain View,Mountain View,Ras El Hekma,Residential,Townhouse,180,,,28936977,160760.9833,7,7 Yrs,0.15,,,2028,Core & Shell,,,2025-09-30,Farah,Nawy,04,"10% down payment,5% on Delivary",Sell
ONE 33,Arkan Palm ,El Sheikh Zayed,Residential,Apartment,85,,,5503472,64746.72941,10,10 Yrs,0.1,,,2029,Semi-Finished,,,2025-09-25,Farah,Nawy,04,"5%DM (8Yrs-10Yrs),10% DM(10Yrs)",Sell
ONE 33,Arkan Palm ,El Sheikh Zayed,Residential,Duplex,244,,,16876941,69167.79098,10,10 Yrs,0.1,,,2029,Semi-Finished,,,2025-09-02,Farah,Nawy,05,"5%DM (8Yrs-10Yrs),10% DM(10Yrs)",Sell
ONE 33,Arkan Palm ,El Sheikh Zayed,Residential,Penthouse,118,,,13878663,117615.7881,10,10 Yrs,0.1,,,2029,Fully Finished,,,2025-09-03,Farah,Nawy,05,"5%DM (8Yrs-10Yrs),10% DM(10Yrs)",Rent
Rai Valleys,Madinet Masr,Mostakbal City,Residential,Duplex,212,,,17687170,83430.04717,8,8 Yrs,0.1,,,2029,Core & Shell,,,2025-09-04,Farah,Nawy,05,,Rent
The Butterfly,Madinet Masr,Mostakbal City,Residential,Duplex,212,,,17274575,81483.84434,12,12 Yrs,0.05,,,2030,Core & Shell,,,2025-09-05,Farah,Nawy,05,,Rent
The Butterfly,Madinet Masr,Mostakbal City,Residential,Duplex,239,,,20019248,83762.54393,12,12 Yrs,0.05,,,2030,Core & Shell,,,2025-09-06,Farah,Nawy,05,,Sell
Rai Valleys,Madinet Masr,Mostakbal City,Residential,Villa,206,,64.9,17222985.68,83606.7266,8,8 Yrs,0.1,,,2029,Core & Shell,,,2025-09-25,Nour,Direct Sales,04,Roof = 15m2,Sell
Rai Valleys,Madinet Masr,Mostakbal City,Residential,Villa,212,,156.8,18532753.93,87418.65061,8,8 Yrs,0.1,,,2029,Core & Shell,,,2025-09-25,Nour,Direct Sales,04,Roof = 15m2,Rent
Rai Valleys,Madinet Masr,Mostakbal City,Residential,Villa,239,,49,20945093.06,87636.37264,8,8 Yrs,0.1,,,2029,Core & Shell,,,2025-09-25,Nour,Direct Sales,04,Roof = 72m2,Sell
Origami Golf,Madinet Masr,1st Settlement,Residential,Apartment,166.31,,,12958667.04,77918.74836,8,8 Yrs,0.1,,,2029,Core & Shell,,,2025-09-25,Nour,Direct Sales,04,,Sell
Badya,Palm Hills,October Gardens,Residential,Apartment,127.14,,,11849084,93197.13701,8,Cash - 8 Yrs,0.1,,,2030,Fully Finished,,,2025-09-21,Nour,Direct Sales,04,Escalating offer: 1.5% DP (12 Yrs),Rent
Badya,Palm Hills,October Gardens,Residential,Apartment,151.07,,,14393710,95278.41398,8,Cash - 8 Yrs,0.1,,,2030,Fully Finished,,,2025-09-21,Nour,Direct Sales,04,"Escalating offer: 1.5% DP (12 Yrs)
Roof: 23 m2",Rent
Badya,Palm Hills,October Gardens,Residential,Townhouse,190.5,,,17935000,94146.98163,8,8 Yrs,0.1,,,2030,Fully Finished,,,2025-09-21,Nour,Direct Sales,04,Escalating offer: 1.5% DP (12 Yrs),Sell
Badya,Palm Hills,October Gardens,Residential,Apartment,154.67,,56.8,14621202,94531.5963,8,Cash - 8 Yrs,0.1,,,2030,Fully Finished,,,2025-09-21,Nour,Direct Sales,04,Escalating offer: 1.5% DP (12 Yrs),Sell
Hacienda Blue,Palm Hills, Al Dabaa,Residential,Villa,278,420.5,,67012000,241050.3597,8,8 Yrs,0.05,,,2030,Fully Finished,,,2025-09-21,Nour,Direct Sales,04,Roof: 78 m2,Sell
Hacienda Blue,Palm Hills, Al Dabaa,Residential,Townhouse,196,,,34499000,176015.3061,8,8 Yrs,0.05,,,2030,Fully Finished,,,2025-09-21,Nour,Direct Sales,04,Roof: 46 m2,Sell
Hacienda Waters,Palm Hills,Ras El Hekma,Residential,Villa,374,549,,104272000,278802.139,8,8 Yrs,0.05,,,2029,Fully Finished,,,2025-09-21,Nour,Direct Sales,04,,Sell
Hacienda Waters,Palm Hills,Ras El Hekma,Residential,Chalet,65.5,,,12999000,198458.0153,8,8 Yrs,0.05,,,2029,Fully Finished,,,2025-09-21,Nour,Direct Sales,04,,Rent
Hacienda Waters,Palm Hills,Ras El Hekma,Residential,Chalet,151,,,22606000,149708.6093,8,8 Yrs,0.05,,,2029,Fully Finished,,,2025-09-21,Nour,Direct Sales,04,Roof: 67 m2,Sell
Hacienda West,Palm Hills,Ras El Hekma,Residential,Chalet,111.5,,,23382675,209710.0897,7,7 Yrs,0.1,,,2027,Fully Finished,,,2025-09-21,Nour,Direct Sales,04,Roof: 53 m2,Rent
Palm Hills Jirian,Palm Hills,El Sheikh Zayed,Residential,Townhouse,174,,,22783000,130936.7816,8,8 Yrs,0.05,,,2029,Fully Finished,,,2025-09-21,Nour,Direct Sales,04,,Sell
Palm Hills Jirian,Palm Hills,El Sheikh Zayed,Residential,Villa,196,338,,39238000,200193.8776,8,8 Yrs,0.05,,,2029,Fully Finished,,,2025-09-21,Nour,Direct Sales,04,Roof: 48 m2,Sell
PX,Palm Hills,6th of October,Residential,Apartment,152.9,,,25812000,168816.2198,8,8 Yrs,0.05,,,2028,Fully Finished,,,2025-09-21,Nour,Direct Sales,04,,Sell
PX,Palm Hills,6th of October,Residential,Townhouse,200.72,,,25791000,128492.4273,8,8 Yrs,0.05,,,2028,Fully Finished,,,2025-09-21,Nour,Direct Sales,04,Roof: 44 m2,Sell
Palm Hills Jirian,Palm Hills,El Sheikh Zayed,Residential,Apartment,159,,,22316000,140352.2013,8,8 Yrs,0.05,,,2029,Fully Finished,,,2025-09-21,Nour,Direct Sales,04,,Rent
Palm Hills Alexandria,Palm Hills,Alexandria,Residential,Apartment,167.77,,,14692000,87572.27156,10,10 Yrs,0.05,,,2028,Fully Finished,,,2025-09-21,Nour,Direct Sales,04,,Sell
Palm Hills Alexandria,Palm Hills,Alexandria,Residential,Townhouse,197.3,,,28683000,145377.5976,10,10 Yrs,0.05,,,2029,Fully Finished,,,2025-09-21,Nour,Direct Sales,04,,Sell
Palm Hills New Cairo,Palm Hills,5th Settlement,Residential,Apartment,70,,,9334000,133342.8571,8,8 Yrs,0.1,,,2027,Fully Finished,,,2025-09-21,Nour,Direct Sales,04,,Sell
Palm Hills New Cairo,Palm Hills,5th Settlement,Residential,Apartment,139.5,,57,19930000,142867.3835,8,8 Yrs,0.1,,,2027,Fully Finished,,,2025-09-21,Nour,Direct Sales,04,,Sell
Bamboo III,Palm Hills,6th of October,Residential,Apartment,191,,,26178000,137057.5916,10,10 Yrs,0.05,,,2029,Fully Finished,,,2025-09-21,Nour,Direct Sales,04,Penthouse: 45 m2,Sell
Bamboo III,Palm Hills,6th of October,Residential,Townhouse,220.5,,,30794000,139655.3288,10,10 Yrs,0.05,,,2029,Fully Finished,,,2025-09-21,Nour,Direct Sales,04,,Sell
Palm Parks,Palm Hills,6th of October,Residential,Apartment,170.19,,,19451000,114289.9113,8,8 Yrs,0.05,,,2029,Fully Finished,,,2025-09-21,Nour,Direct Sales,04,,Rent
Palm Parks,Palm Hills,6th of October,Residential,Apartment,91.68,,,8723000,95146.16056,8,8 Yrs,0.05,,,2029,Fully Finished,,,2025-09-21,Nour,Direct Sales,04,,Sell
Palm Hills New Cairo,Palm Hills,5th Settlement,Commercial,Office,154,,,25692000,166831.1688,8,8 Yrs,0.1,,,2027,Core & Shell,,,2025-09-21,Nour,Direct Sales,04,,Rent
Palm Hills New Cairo,Palm Hills,5th Settlement,Commercial,Office,94,,,15745000,167500,8,8 Yrs,0.1,,,2027,Core & Shell,,,2025-09-21,Nour,Direct Sales,04,,Sell
Ivoire West,PRE Developments,El Sheikh Zayed,Residential,Apartment,112,,,7952000,71000,10,10 Yrs,0.05,,,2029,Core & Shell,,,2025-09-21,Nour,Nawy,04,"Offer: 14 years 5% DP
Roof: 12 m2",Sell
Ivoire West,PRE Developments,El Sheikh Zayed,Residential,Duplex,240,,,19460000,81083.33333,10,10 Yrs,0.05,,,2029,Core & Shell,,,2025-09-21,Nour,Nawy,04,Garden: 85 m2,Sell
Ivoire West,PRE Developments,El Sheikh Zayed,Residential,Penthouse,208,,,16893760,81220,10,10 Yrs,0.05,,,2029,Core & Shell,,,2025-09-21,Nour,Nawy,04,,Sell
AM-PM,Hassan Allam Properties,1st Settlement,Commercial,Office,198,,,50670582,255912.0303,7,7 Yrs,0.1,,,2027,Core & Shell,,,2025-09-21,Nour,Nawy,04,,Sell
AM-PM,Hassan Allam Properties,1st Settlement,Commercial,Office,188,,,48021173,255431.7713,7,7 Yrs,0.1,,,2027,Core & Shell,,,2025-09-21,Nour,Nawy,04,,Rent
AM-PM,Hassan Allam Properties,1st Settlement,Commercial,Office,134,,,30362860,226588.5075,7,7 Yrs,0.1,,,2027,Core & Shell,,,2025-09-21,Nour,Nawy,04,,Sell
AM-PM,Hassan Allam Properties,1st Settlement,Commercial,Office,528,,,134813561,255328.714,7,7 Yrs,0.1,,,2027,Core & Shell,,,2025-09-21,Nour,Nawy,04,,Sell
Eastside,LMD,1st Settlement,Commercial,Office,108,,,16092000,149000,8,8 Yrs,0.05,,,2028,Core & Shell,,,2025-09-21,Nour,Nawy,04,,Sell
Eastside,LMD,1st Settlement,Commercial,Office,141,,,21009000,149000,8,8 Yrs,0.05,,,2028,Core & Shell,,,2025-09-21,Nour,Nawy,04,,Sell
Eastside,LMD,1st Settlement,Commercial,Office,1540,,,215631818,140020.661,8,8 Yrs,0.05,,,2028,Core & Shell,,,2025-09-21,Nour,Nawy,04,,Rent
Ivoire East,PRE Developments,5th Settlement,Residential,Apartment,99,,,8383000,84676.76768,10,10 Yrs,0.05,,,2029,Core & Shell,,,2025-09-21,Nour,Nawy,04,"Offer: 14 years 5% DP
Roof: 14 m2",Rent
Ivoire East,PRE Developments,5th Settlement,Residential,Townhouse,266,,,30655000,115244.3609,10,10 Yrs,0.05,,,2029,Core & Shell,,,2025-09-21,Nour,Nawy,04,Roof: 40 m2,Sell
Ivoire East,PRE Developments,5th Settlement,Residential,Villa,312,,,39005000,125016.0256,10,10 Yrs,0.05,,,2029,Core & Shell,,,2025-09-21,Nour,Nawy,04,Roof: 30 m2,Sell
Ivoire East,PRE Developments,5th Settlement,Residential,Duplex,235,,178,21498000,91480.85106,10,10 Yrs,0.05,,,2029,Core & Shell,,,2025-09-21,Nour,Nawy,04,,Sell
SODIC EAST,SODIC,New Heliopolis,Residential,Penthouse,223,,,23062000,103417.0404,8,8 Yrs,0.05,,,2027,Core & Shell,,,2025-09-25,Farah,Nawy,04,"5% Down Payment (8 Yrs,10Yrs)",Rent
SODIC EAST,SODIC,New Heliopolis,Residential,Penthouse,223,,,27664000,124053.8117,8,8 Yrs,0.05,,,2028,Fully Finished,,,2025-09-25,Farah,Nawy,04,"5% Down Payment (8 Yrs,10Yrs)",Sell
SODIC EAST,SODIC,New Heliopolis,Residential,Townhouse,234,,,27482000,117444.4444,8,8 Yrs,0.05,,,RTM,Core & Shell,,,2025-09-25,Farah,Direct Sales,04,"5% Down Payment (8 Yrs,10Yrs)",Sell
SODIC EAST,SODIC,New Heliopolis,Residential,Townhouse,234,,,35897000,153405.9829,8,8 Yrs,0.05,,,RTM,Core & Shell,,,2025-09-25,Farah,Direct Sales,04,"5% Down Payment (8 Yrs,10Yrs)",Rent
SODIC EAST,SODIC,New Heliopolis,Residential,Townhouse,228,,,34785000,152565.7895,8,8 Yrs,0.05,,,2028,Fully Finished,,,2025-09-25,Farah,Direct Sales,04,"5% Down Payment (8 Yrs,10Yrs)",Sell
SODIC EAST,SODIC,New Heliopolis,Residential,Villa,395,,,68318000,172956.962,8,8 Yrs,0.05,,,RTM,Core & Shell,,,2025-09-26,Farah,Direct Sales,04,"5% Down Payment (8 Yrs,10Yrs)",Sell
SODIC EAST,SODIC,New Heliopolis,Residential,Villa,340,,,54282000,159652.9412,8,8 Yrs,0.05,,,RTM,Core & Shell,,,2025-09-25,Farah,Direct Sales,04,"5% Down Payment (8 Yrs,10Yrs)",Sell
SODIC EAST,SODIC,New Heliopolis,Residential,Apartment,183,,224,27779000,151797.8142,8,8 Yrs,0.05,,,2027,Core & Shell,,,2025-09-26,Farah,Direct Sales,04,"5% Down Payment (8 Yrs,10Yrs)",Sell
SODIC EAST,SODIC,New Heliopolis,Residential,Apartment,326,,,47848000,146773.0061,8,8 Yrs,0.05,,,2027,Core & Shell,,,2025-09-27,Farah,Direct Sales,04,"5% Down Payment (8 Yrs,10Yrs)",Sell
SODIC EAST,SODIC,New Heliopolis,Residential,Apartment,237,,,36872000,155578.0591,8,8 Yrs,0.05,,,2027,Core & Shell,,,2025-09-28,Farah,Direct Sales,04,"5% Down Payment (8 Yrs,10Yrs)",Rent
SODIC EAST,SODIC,New Heliopolis,Residential,Apartment,392,,,56500000,144132.6531,8,8 Yrs,0.05,,,2027,Core & Shell,,,2025-09-29,Farah,Direct Sales,04,"5% Down Payment (8 Yrs,10Yrs)",Sell
SODIC EAST,SODIC,New Heliopolis,Residential,Apartment,326,,,48024000,147312.8834,8,8 Yrs,0.05,,,2027,Core & Shell,,,2025-09-30,Farah,Direct Sales,04,"5% Down Payment (8 Yrs,10Yrs)",Sell
SODIC EAST,SODIC,New Heliopolis,Residential,Apartment,237,,,39555000,166898.7342,8,8 Yrs,0.05,,,2027,Core & Shell,,,2025-09-25,Farah,Direct Sales,04,"5% Down Payment (8 Yrs,10Yrs)",Sell
SODIC EAST,SODIC,New Heliopolis,Residential,Apartment,326,,,51081000,156690.184,8,8 Yrs,0.05,,,2027,Core & Shell,,,2025-09-25,Farah,Direct Sales,04,"5% Down Payment (8 Yrs,10Yrs)",Sell
SODIC EAST,SODIC,New Heliopolis,Residential,Apartment,183,,232,30360000,165901.6393,8,8 Yrs,0.05,,,2028,Fully Finished,,,2025-09-26,Farah,Direct Sales,04,"5% Down Payment (8 Yrs,10Yrs)",Sell
SODIC EAST,SODIC,New Heliopolis,Residential,Apartment,223,,,28881000,129511.2108,8,8 Yrs,0.05,,,2028,Fully Finished,,,2025-09-27,Farah,Direct Sales,04,"5% Down Payment (8 Yrs,10Yrs)",Sell
SODIC EAST,SODIC,New Heliopolis,Residential,Apartment,223,,,27664000,124053.8117,8,8 Yrs,0.05,,,2028,Fully Finished,,,2025-09-28,Farah,Direct Sales,04,"5% Down Payment (8 Yrs,10Yrs)",Sell
SODIC EAST,SODIC,New Heliopolis,Residential,Apartment,129,,,15874000,123054.2636,8,8 Yrs,0.05,,,2027,Fully Finished,,,2025-09-29,Farah,Direct Sales,04,"5% Down Payment (8 Yrs,10Yrs)",Sell
SODIC EAST,SODIC,New Heliopolis,Residential,Apartment,125,,,13076000,104608,8,8 Yrs,0.05,,,2027,Fully Finished,,,2025-09-30,Farah,Direct Sales,04,"5% Down Payment (8 Yrs,10Yrs)",Sell
SODIC EAST,SODIC,New Heliopolis,Residential,Villa,427,,,72615000,170058.548,8,8 Yrs,0.05,,,RTM,Core & Shell,,,2025-09-26,Farah,Direct Sales,04,"5% Down Payment (8 Yrs,10Yrs)",Sell
SODIC EAST,SODIC,New Heliopolis,Residential,Villa,427,,,67980000,159203.7471,8,8 Yrs,0.05,,,RTM,Core & Shell,,,2025-09-27,Farah,Direct Sales,04,"5% Down Payment (8 Yrs,10Yrs)",Sell
SODIC EAST,SODIC,New Heliopolis,Residential,Villa,392,,390,67875000,173150.5102,8,8 Yrs,0.05,,,2028,Fully Finished,,,2025-09-27,Farah,Direct Sales,04,,Sell
SODIC EAST,SODIC,New Heliopolis,Residential,Villa,237,,318,41774000,176261.6034,8,8 Yrs,0.05,,,2028,Fully Finished,,,2025-09-27,Farah,Direct Sales,04,,Rent
SODIC EAST,SODIC,New Heliopolis,Residential,Villa,237,,342,43395000,183101.2658,8,8 Yrs,0.05,,,2028,Fully Finished,,,2025-09-25,Farah,Direct Sales,04,,Rent
The Polygon SODIC,SODIC,El Sheikh Zayed,Commercial,Office,335,,,82088000,245038.806,6,6 Yrs,0.1,,,RTM,Core & Shell,,,2025-09-28,Farah,Direct Sales,04,,Rent
The Polygon SODIC,SODIC,El Sheikh Zayed,Commercial,Office,358,,,87683000,244924.581,6,6 Yrs,0.1,,,RTM,Core & Shell,,,2025-09-29,Farah,Direct Sales,04,,Sell
The Polygon SODIC,SODIC,El Sheikh Zayed,Commercial,Office,140,,,38110000,272214.2857,6,6 Yrs,0.1,,,RTM,Core & Shell,,,2025-09-30,Farah,Direct Sales,04,,Sell
The Estates Residences,SODIC,New Zayed,Residential,Apartment,168,,109,30165000,179553.5714,8,8 Yrs,0.05,,,2028,Fully Finished,,,2025-09-25,Farah,Direct Sales,04,,Sell
The Estates Residences,SODIC,New Zayed,Residential,Apartment,177,,120,32148000,181627.1186,8,8 Yrs,0.05,,,2028,Fully Finished,,,2025-09-25,Farah,Direct Sales,04,,Sell
The Estates Residences,SODIC,New Zayed,Residential,Apartment,247,,,34430000,139392.7126,8,8 Yrs,0.05,,,2028,Fully Finished,,,2025-09-25,Farah,Direct Sales,04,,Sell
The Estates Residences,SODIC,New Zayed,Residential,Apartment,118,,84,22752000,192813.5593,8,8 Yrs,0.05,,,2028,Fully Finished,,,2025-09-25,Farah,Direct Sales,04,,Sell
The Estates Residences,SODIC,New Zayed,Residential,Apartment,161,,,23917000,148552.795,8,8 Yrs,0.05,,,2028,Fully Finished,,,2025-09-26,Farah,Direct Sales,04,,Sell
The Estates Residences,SODIC,New Zayed,Residential,Apartment,117,,65,21343000,182418.8034,8,8 Yrs,0.05,,,2029,Fully Finished,,,2025-09-27,Farah,Direct Sales,04,,Sell
The Estates Residences,SODIC,New Zayed,Residential,Apartment,148,,127,28924000,195432.4324,8,8 Yrs,0.05,,,2029,Fully Finished,,,2025-09-28,Farah,Direct Sales,04,,Rent
Allegria Residence,SODIC,6th of October,Residential,Apartment,200,,,46069000,230345,6,6 Yrs,0.1,,,RTM,Fully Finished,,,2025-09-29,Farah,Direct Sales,04,,Sell
Allegria Residence,SODIC,6th of October,Residential,Apartment,200,,,47273000,236365,6,6 Yrs,0.1,,,RTM,Fully Finished,,,2025-09-30,Farah,Direct Sales,04,,Sell
karmell,SODIC,New Zayed,Residential,Apartment,157,,,17048000,108585.9873,10,10 Yrs,0.05,,,2028,Core & Shell,,,2025-09-25,Farah,Direct Sales,04,"5% Down Payment (8Yrs,10Yrs)",Rent
karmell,SODIC,New Zayed,Residential,Apartment,157,,108,20854000,132828.0255,10,10 Yrs,0.05,,,2028,Core & Shell,,,2025-09-25,Farah,Direct Sales,04,"5% Down Payment (8Yrs,10Yrs)",Rent
karmell,SODIC,New Zayed,Residential,Apartment,159,,,16609000,104459.1195,10,10 Yrs,0.05,,,2028,Core & Shell,,,2025-09-26,Farah,Direct Sales,04,"5% Down Payment (8Yrs,10Yrs)",Rent
karmell,SODIC,New Zayed,Residential,Villa,384,,,77568000,202000,10,10 Yrs,0.05,,,2026,Core & Shell,,,2025-09-27,Farah,Direct Sales,04,"5% Down Payment (8Yrs,10Yrs)",Sell
karmell,SODIC,New Zayed,Residential,Villa,219,,,42426000,193726.0274,10,10 Yrs,0.05,,,2029,Core & Shell,,,2025-09-28,Farah,Direct Sales,04,"5% Down Payment (8Yrs,10Yrs)",Sell
karmell,SODIC,New Zayed,Residential,Villa,287,,,52055000,181376.3066,10,10 Yrs,0.05,,,RTM,Semi-Finished,,,2025-09-29,Farah,Direct Sales,04,"5% Down Payment (8Yrs,10Yrs)",Sell
karmell,SODIC,New Zayed,Residential,Villa,214,,,40587000,189658.8785,10,10 Yrs,0.05,,,2029,Core & Shell,,,2025-09-30,Farah,Direct Sales,04,"5% Down Payment (8Yrs,10Yrs)",Sell
karmell,SODIC,New Zayed,Residential,Duplex,201,,,20836000,103661.6915,10,10 Yrs,0.05,,,2028,Core & Shell,,,2025-09-25,Farah,Direct Sales,04,"5% Down Payment (8Yrs,10Yrs)",Sell
karmell,SODIC,New Zayed,Residential,Duplex,219,,,22347000,102041.0959,10,10 Yrs,0.05,,,2028,Core & Shell,,,2025-09-25,Farah,Direct Sales,04,"5% Down Payment (8Yrs,10Yrs)",Rent
karmell,SODIC,New Zayed,Residential,Duplex,212,,,25060000,118207.5472,10,10 Yrs,0.05,,,2029,Fully Finished,,,2025-09-25,Farah,Direct Sales,04,"5% Down Payment (8Yrs,10Yrs)",Sell
VYE SODIC,SODIC,New Zayed,Residential,Townhouse,198,,,34741000,175459.596,10,10 Yrs,0.05,,,2027,Core & Shell,,,2025-09-26,Farah,Direct Sales,04,"5% Down Payment (8Yrs,10Yrs)",Sell
VYE SODIC,SODIC,New Zayed,Residential,Townhouse,202,,,28141000,139311.8812,10,10 Yrs,0.05,,,2027,Core & Shell,,,2025-09-27,Farah,Direct Sales,04,"5% Down Payment (8Yrs,10Yrs)",Sell
VYE SODIC,SODIC,New Zayed,Residential,Townhouse,238,,,37568000,157848.7395,10,10 Yrs,0.05,,,2027,Core & Shell,,,2025-09-28,Farah,Direct Sales,04,"5% Down Payment (8Yrs,10Yrs)",Rent
VYE SODIC,SODIC,New Zayed,Residential,Twinhouse,239,,,40978000,171456.0669,10,10 Yrs,0.05,,,2027,Core & Shell,,,2025-09-29,Farah,Direct Sales,04,"5% Down Payment (8Yrs,10Yrs)",Sell
VYE SODIC,SODIC,New Zayed,Residential,Duplex,367,,,27569000,75119.89101,10,10 Yrs,0.05,,,RTM,Semi-Finished,,,2025-09-30,Farah,Nawy,04,"5% Down Payment (8Yrs,10Yrs)",Rent
VYE SODIC,SODIC,New Zayed,Residential,Duplex,297,,,23954000,80653.19865,10,10 Yrs,0.05,,,RTM,Semi-Finished,,,2025-09-25,Farah,Nawy,04,"5% Down Payment (8Yrs,10Yrs)",Rent
Westown The Portal,SODIC,El Sheikh Zayed,Commercial,Office,262,,,74127000,282927.4809,5,5 Yrs,0.1,,,RTM,Core & Shell,,,2025-09-26,Farah,Direct Sales,04,,Rent
Westown The Portal,SODIC,El Sheikh Zayed,Commercial,Office,193,,,54606000,282932.6425,5,5 Yrs,0.1,,,RTM,Core & Shell,,,2025-09-27,Farah,Direct Sales,04,,Sell
Westown The Portal,SODIC,El Sheikh Zayed,Commercial,Office,90,,,25464000,282933.3333,5,5 Yrs,0.1,,,RTM,Core & Shell,,,2025-09-28,Farah,Direct Sales,04,,Rent
Westown The Portal,SODIC,El Sheikh Zayed,Commercial,Office,100,,,28293000,282930,5,5 Yrs,0.1,,,RTM,Core & Shell,,,2025-09-29,Farah,Direct Sales,04,,Sell
The Estates,SODIC,New Zayed,Residential,Villa,620,,,103714000,167280.6452,8,8 Yrs,0.1,,,RTM,Core & Shell,,,2025-09-30,Farah,Direct Sales,04,"10% Down Payment (8Yrs,7Yrs), basement area (188)",Sell
The Estates,SODIC,New Zayed,Residential,Villa,631,,,198057000,313877.9715,8,8 Yrs,0.1,,,RTM,Core & Shell,,,2025-09-25,Farah,Direct Sales,04,"10% Down Payment (8Yrs,7Yrs) , basement area (282)",Rent
The Estates,SODIC,New Zayed,Residential,Villa,432,,,117665000,272372.6852,8,8 Yrs,0.1,,,RTM,Core & Shell,,,2025-09-25,Farah,Direct Sales,04,"10% Down Payment (8Yrs,7Yrs) ",Sell
Westown Medical Center ,SODIC,El Sheikh Zayed,Commercial,Clinic,145,,,24561000,169386.2069,5,5 Yrs,0.1,,,RTM,Fully Finished,,,2025-09-26,Farah,Direct Sales,04,,Sell
Westown Medical Center ,SODIC,El Sheikh Zayed,Commercial,Clinic,80,,,15020000,187750,5,5 Yrs,0.1,,,RTM,Fully Finished,,,2025-09-27,Farah,Direct Sales,04,,Sell
Westown Medical Center ,SODIC,El Sheikh Zayed,Commercial,Clinic,162,,,26951000,166364.1975,5,5 Yrs,0.1,,,RTM,Fully Finished,,,2025-09-28,Farah,Direct Sales,04,,Rent
Westown Medical Center ,SODIC,El Sheikh Zayed,Commercial,Clinic,56,,,10913000,194875,5,5 Yrs,0.1,,,RTM,Fully Finished,,,2025-09-29,Farah,Direct Sales,04,,Sell
Westown Medical Center ,SODIC,El Sheikh Zayed,Commercial,Clinic,71,,,13832000,194816.9014,5,5 Yrs,0.1,,,RTM,Fully Finished,,,2025-09-30,Farah,Direct Sales,04,,Rent
The Estates Residences,SODIC,New Zayed,Residential,Villa,245,,,58413000,238420.4082,8,8 Yrs,0.05,,,2028,Fully Finished,,,2025-09-25,Farah,Direct Sales,04,,Rent
The Estates Residences,SODIC,New Zayed,Residential,Villa,338,,,71866000,212621.3018,8,8 Yrs,0.05,,,2028,Fully Finished,,,2025-09-25,Farah,Direct Sales,04,,Sell
The Estates Residences,SODIC,New Zayed,Residential,Villa,282,,,64927000,230237.5887,8,8 Yrs,0.05,,,2028,Fully Finished,,,2025-09-25,Farah,Direct Sales,04,,Sell
The Estates Residences,SODIC,New Zayed,Residential,Villa,338,,,74248000,219668.6391,8,8 Yrs,0.05,,,2028,Fully Finished,,,2025-09-25,Farah,Direct Sales,04,,Rent
The Estates Residences,SODIC,New Zayed,Residential,Twinhouse,249,,,56320000,226184.739,8,8 Yrs,0.05,,,2028,Fully Finished,,,2025-09-25,Farah,Direct Sales,04,,Sell
The Estates Residences,SODIC,New Zayed,Residential,Twinhouse,249,,,54439000,218630.5221,8,8 Yrs,0.05,,,2028,Fully Finished,,,2025-09-25,Farah,Direct Sales,04,,Rent
The Estates Residences,SODIC,New Zayed,Residential,Twinhouse,249,,,57987000,232879.5181,8,8 Yrs,0.05,,,2028,Fully Finished,,,2025-09-25,Farah,Direct Sales,04,,Sell
The Estates Residences,SODIC,New Zayed,Residential,Penthouse,159,,,22960000,144402.5157,8,8 Yrs,0.05,,,2029,Fully Finished,,,2025-09-26,Farah,Nawy,04,,Sell
The Estates Residences,SODIC,New Zayed,Residential,Penthouse,221,,,28364000,128343.8914,8,8 Yrs,0.05,,,2029,Fully Finished,,,2025-09-27,Farah,Nawy,04,,Rent
The Estates Residences,SODIC,New Zayed,Residential,Penthouse,221,,,30581000,138375.5656,8,8 Yrs,0.05,,,2028,Fully Finished,,,2025-09-28,Farah,Nawy,04,,Sell
The Estates Residences,SODIC,New Zayed,Residential,Penthouse,247,,,34430000,139392.7126,8,8 Yrs,0.05,,,2028,Fully Finished,,,2025-09-29,Farah,Nawy,04,,Sell
Caesar,SODIC,Ras El Hekma,Residential,Villa,546,,,87311000,159910.2564,7,7 Yrs,0.05,,,2028,Fully Finished,,,2025-09-25,Farah,Direct Sales,04,,Rent
Caesar,SODIC,Ras El Hekma,Residential,Villa,396,,,65272000,164828.2828,7,7 Yrs,0.05,,,2028,Fully Finished,,,2025-09-26,Farah,Direct Sales,04,,Rent
Caesar,SODIC,Ras El Hekma,Residential,Villa,546,,,88747000,162540.293,7,7 Yrs,0.05,,,2028,Fully Finished,,,2025-09-27,Farah,Direct Sales,04,,Sell
Caesar,SODIC,Ras El Hekma,Residential,Villa,546,,,83381000,152712.4542,7,7 Yrs,0.05,,,2028,Fully Finished,,,2025-09-28,Farah,Direct Sales,04,,Rent
Caesar,SODIC,Ras El Hekma,Residential,Villa,396,,,64052000,161747.4747,7,7 Yrs,0.05,,,2028,Fully Finished,,,2025-09-29,Farah,Direct Sales,04,,Sell
Caesar,SODIC,Ras El Hekma,Residential,Villa,476,,,90490000,190105.042,7,7 Yrs,0.05,,,2028,Fully Finished,,,2025-09-30,Farah,Direct Sales,04,,Rent
Caesar,SODIC,Ras El Hekma,Residential,Twinhouse,305,,,69791000,228822.9508,7,7 Yrs,0.05,,,2028,Fully Finished,,,2025-09-25,Farah,Direct Sales,04,,Sell
Caesar,SODIC,Ras El Hekma,Residential,Twinhouse,305,,,70267000,230383.6066,7,7 Yrs,0.05,,,2028,Fully Finished,,,2025-09-25,Farah,Direct Sales,04,,Sell
Caesar,SODIC,Ras El Hekma,Residential,Townhouse,230,,,41029000,178386.9565,7,7 Yrs,0.05,,,2028,Fully Finished,,,2025-09-25,Farah,Direct Sales,04,,Sell
Caesar,SODIC,Ras El Hekma,Residential,Townhouse,225,,,36823000,163657.7778,7,7 Yrs,0.05,,,2028,Fully Finished,,,2025-09-25,Farah,Direct Sales,04,,Sell
Caesar,SODIC,Ras El Hekma,Residential,Townhouse,182,,200,42746000,234868.1319,7,7 Yrs,0.05,,,2029,Fully Finished,,,2025-09-25,Farah,Direct Sales,04,,Rent
Caesar,SODIC,Ras El Hekma,Residential,Townhouse,183,,200,39921000,218147.541,7,7 Yrs,0.05,,,2029,Fully Finished,,,2025-09-25,Farah,Direct Sales,04,,Sell
Swanlake Residences,Hassan Allam Properties,1st Settlement,Residential,Apartment,93,,,13900000,149462.3656,10,10 Yrs,0.05,,,2027,Fully Finished,,,2025-09-22,Nour,Nawy,04,,Rent
Swanlake Residences,Hassan Allam Properties,1st Settlement,Residential,Apartment,282,,,53446060,189525.0355,10,10 Yrs,0.05,,,2029,Flexi Finished,,,2025-09-22,Nour,Nawy,04,,Sell
Swanlake Residences,Hassan Allam Properties,1st Settlement,Residential,Apartment,127,,,19700000,155118.1102,10,10 Yrs,0.05,,,2027,Fully Finished,,,2025-09-22,Nour,Nawy,04,,Sell
Swanlake Residences,Hassan Allam Properties,1st Settlement,Residential,Apartment,151,,,22800000,150993.3775,10,10 Yrs,0.05,,,2027,Fully Finished,,,2025-09-22,Nour,Nawy,04,,Sell
Swanlake Residences,Hassan Allam Properties,1st Settlement,Residential,Villa,388,,,99000000,255154.6392,10,10 Yrs,0.05,,,2029,Core & Shell,,,2025-09-22,Nour,Nawy,04,,Sell
Creektown,il Cazar,1st Settlement,Residential,Apartment,128,,,11700000,91406.25,10,7 Yrs - 10 Yrs,0.1,,,New Launch,Core & Shell,,,2025-09-22,Nour,Nawy,04,,Rent
Yellow Residence,Urbnlanes,1st Settlement,Residential,Apartment,103,,,10320327,100197.3495,12,12 Yrs,0.1,,,2029,Core & Shell,,,2025-09-22,Nour,Nawy,04,,Sell
Yellow Residence,Urbnlanes,1st Settlement,Residential,Apartment,80,,,7418160,92727,12,12 Yrs,0.1,,,2029,Core & Shell,,,2025-09-22,Nour,Nawy,04,,Rent
Yellow Residence,Urbnlanes,1st Settlement,Residential,Apartment,127,,,12130378,95514.7874,12,12 Yrs,0.1,,,2029,Core & Shell,,,2025-09-22,Nour,Nawy,04,,Sell
Yellow Residence,Urbnlanes,1st Settlement,Commercial,Office,55,,,10295230,187186,7,7 Yrs,0.05,,,2029,Core & Shell,,,2025-09-22,Nour,Nawy,04,,Sell
Yellow Residence,Urbnlanes,1st Settlement,Commercial,Office,135,,,23116286,171231.7481,7,7 Yrs,0.05,,,2029,Core & Shell,,,2025-09-22,Nour,Nawy,04,,Rent
Yellow Residence,Urbnlanes,1st Settlement,Commercial,Office,97,,,18800583,193820.4433,7,7 Yrs,0.05,,,2029,Core & Shell,,,2025-09-22,Nour,Nawy,04,,Sell
Saada,Horizon Egypt Development,1st Settlement,Commercial,Office,52,,,11837355,227641.4423,7,7 Yrs,0.05,,,2028,Core & Shell,,,2025-09-22,Nour,Nawy,04,,Sell
Saada,Horizon Egypt Development,1st Settlement,Commercial,Office,137,,,34906660,254793.1387,7,7 Yrs,0.05,,,2028,Core & Shell,,,2025-09-22,Nour,Nawy,04,,Rent
Saada,Horizon Egypt Development,1st Settlement,Commercial,Office,112,,,25000860,223221.9643,7,7 Yrs,0.05,,,2028,Core & Shell,,,2025-09-22,Nour,Nawy,04,,Sell
Eelaf Residence,Emaar Rezk Group,1st Settlement,Residential,Apartment,85,,,5764484,67817.45882,10,10 Yrs,0.05,,,2029,Core & Shell,,,2025-09-22,Nour,Nawy,04,,Sell
Eelaf Residence,Emaar Rezk Group,1st Settlement,Residential,Apartment,135,,,9359495,69329.59259,10,10 Yrs,0.05,,,2029,Core & Shell,,,2025-09-22,Nour,Nawy,04,,Sell
Eelaf Residence,Emaar Rezk Group,1st Settlement,Residential,Apartment,170,,,11686943,68746.72353,10,10 Yrs,0.05,,,2029,Core & Shell,,,2025-09-22,Nour,Nawy,04,,Sell
El Montaza Plaza,El Halawani Group,Alexandria,Residential,Apartment,140,,,4950000,35357.14286,3,3 Yrs,0.5,,,RTM,Semi-Finished,,,2025-09-25,Nour,Direct Sales,04,,Sell
El Montaza Plaza,El Halawani Group,Alexandria,Residential,Apartment,165,,,6950000,42121.21212,3,3 Yrs,0.5,,,RTM,Semi-Finished,,,2025-09-25,Nour,Direct Sales,04,,Sell
Solik Gardens,Solik Developments,Alexandria,Residential,Apartment,140,,,9800000,70000,5,5 Yrs,0.2,,,2027,Fully Finished,,,2025-09-25,Nour,Direct Sales,04,,Sell
Solik Gardens,Solik Developments,Alexandria,Residential,Apartment,160,,,10400000,65000,5,5 Yrs,0.2,,,2027,Fully Finished,,,2025-09-25,Nour,Direct Sales,04,,Sell
Solik Gardens,Solik Developments,Alexandria,Residential,Apartment,175,,,11500000,65714.28571,5,5 Yrs,0.2,,,2027,Fully Finished,,,2025-09-25,Nour,Direct Sales,04,,Rent
Solik Gardens,Solik Developments,Alexandria,Residential,Apartment,260,,,16700000,64230.76923,5,5 Yrs,0.2,,,2027,Fully Finished,,,2025-09-25,Nour,Direct Sales,04,,Sell
Smouha Grand View 1,ALEXANDRIA CO. INVESTMENT,Alexandria,Residential,Apartment,184,,,12420000,67500,5,5 Yrs,0.35,,,RTM,Semi-Finished,,,2025-09-25,Nour,Direct Sales,04,,Sell
Smouha Grand View 1,ALEXANDRIA CO. INVESTMENT,Alexandria,Residential,Apartment,202,,,14140000,70000,5,5 Yrs,0.35,,,RTM,Semi-Finished,,,2025-09-25,Nour,Direct Sales,04,,Rent
Smouha Grand View 2,ALEXANDRIA CO. INVESTMENT,Alexandria,Residential,Apartment,112,,,7840000,70000,7,7 Yrs,0.1,,,2029,Semi-Finished,,,2025-09-25,Nour,Direct Sales,04,,Rent
Smouha Grand View 2,ALEXANDRIA CO. INVESTMENT,Alexandria,Residential,Apartment,205,,,20500000,100000,7,7 Yrs,0.1,,,2029,Semi-Finished,,,2025-09-25,Nour,Direct Sales,04,,Sell
Nozha Towers,ALEXANDRIA CO. INVESTMENT,Alexandria,Residential,Apartment,117,,,4860000,41538.46154,6,6 Yrs,0.1,,,2028,Semi-Finished,,,2025-09-25,Nour,Direct Sales,04,,Sell
Nozha Towers,ALEXANDRIA CO. INVESTMENT,Alexandria,Residential,Apartment,161,,,6444000,40024.84472,6,6 Yrs,0.1,,,2028,Semi-Finished,,,2025-09-25,Nour,Direct Sales,04,,Sell
One Ninety,LMD,5th Settlement,Residential,Services Apartment,208,,,50375000,242187.5,3,3 Yrs,0.4,,,2027,Furnished,,,2025-11-23,Nour,Property Finder,02,W Hotel,Sell
One Ninety,LMD,5th Settlement,Residential,Services Apartment,262,,,66321000,253133.5878,3,3 Yrs,0.4,,,2027,Furnished,,,2025-11-25,Nour,Property Finder,02,W Hotel,Sell
One Ninety,LMD,5th Settlement,Residential,Services Apartment,202,,,47963000,237440.5941,3,3 Yrs,0.4,,,2027,Furnished,,,2025-11-25,Nour,Property Finder,02,W Hotel,Sell
One Ninety,LMD,5th Settlement,Residential,Services Apartment,262,,,68415000,261125.9542,3,3 Yrs,0.4,,,2027,Furnished,,,2025-11-25,Nour,Property Finder,02,W Hotel,Sell
One Ninety,LMD,5th Settlement,Commercial,Retail,135,,,60750000,450000,7,7 Yrs,0.4,,,2027,Core & Shell,,,2025-11-25,Nour,Nawy,02,,Sell
One Ninety,LMD,5th Settlement,Commercial,Retail,172,,,100653750,585196.2209,7,7 Yrs,0.4,,,2027,Core & Shell,,,2025-11-25,Nour,Nawy,02,,Sell
One Ninety,LMD,5th Settlement,Commercial,Retail,214,,,107000000,500000,7,7 Yrs,0.4,,,2027,Core & Shell,,,2025-11-25,Nour,Nawy,02,,Sell
One Ninety,LMD,5th Settlement,Commercial,Office,114,,,25845360,226713.6842,7,7 Yrs,0.05,,,2027,Core & Shell,,,2025-11-25,Nour,Nawy,02,,Sell
One Ninety,LMD,5th Settlement,Commercial,Office,135,,,30270000,224222.2222,7,7 Yrs,0.05,,,2027,Core & Shell,,,2025-11-25,Nour,Nawy,02,,Sell
Maspero Business Tower,City Edge,Downtown,Commercial,Retail,292,,,27238000,93280.82192,7,7 Yrs,0.05,,,RTM,Fully Finished,,,2025-11-25,Nour,Nawy,02,,Sell
Maspero Business Tower,City Edge,Downtown,Commercial,Office,184,,,17771000,96581.52174,7,7 Yrs,0.05,,,RTM,Fully Finished,,,2025-11-25,Nour,Nawy,02,,Sell
beta residence,Beta Egypt,October Gardens,Residential,Apartment,117,,22,5050000,43162.39316,7,6 Yrs - 8 Yrs,0.1,,,2029,Semi-Finished,,,2025-11-25,M.Abdalaziz,Nawy,02,,Rent
beta residence,Beta Egypt,October Gardens,Residential,Apartment,117,,22,5050000,43162.39316,8,6 Yrs - 8 Yrs,0.15,,,2029,Semi-Finished,,,2025-11-25,M.Abdalaziz,Nawy,02,,Sell
beta residence,Beta Egypt,October Gardens,Residential,Apartment,117,,22,5050000,43162.39316,6,6 Yrs - 8 Yrs,0.05,,,2029,Semi-Finished,,,2025-11-25,M.Abdalaziz,Nawy,02,,Sell
beta residence,Beta Egypt,October Gardens,Residential,Apartment,140,,,5250000,37500,7,6 Yrs - 8 Yrs,0.1,,,2029,Semi-Finished,,,2025-11-25,M.Abdalaziz,Nawy,02,,Rent
beta residence,Beta Egypt,October Gardens,Residential,Apartment,140,,,5250000,37500,8,6 Yrs - 8 Yrs,0.15,,,2029,Semi-Finished,,,2025-11-25,M.Abdalaziz,Nawy,02,,Rent
beta residence,Beta Egypt,October Gardens,Residential,Apartment,143,,,5300000,37062.93706,7,6 Yrs - 8 Yrs,0.1,,,2029,Semi-Finished,,,2025-11-25,M.Abdalaziz,Nawy,02,,Sell
beta residence,Beta Egypt,October Gardens,Residential,Apartment,143,,,5300000,37062.93706,8,6 Yrs - 8 Yrs,0.15,,,2029,Semi-Finished,,,2025-11-25,M.Abdalaziz,Nawy,02,,Sell
beta residence,Beta Egypt,October Gardens,Residential,Apartment,143,,,5300000,37062.93706,6,6 Yrs - 8 Yrs,0.05,,,2029,Semi-Finished,,,2025-11-25,M.Abdalaziz,Nawy,02,,Sell
beta residence,Beta Egypt,October Gardens,Residential,Apartment,138,,,7200000,52173.91304,7,6 Yrs - 8 Yrs,0.1,,,2029,Semi-Finished,,,2025-11-25,M.Abdalaziz,Nawy,02,,Rent
beta residence,Beta Egypt,October Gardens,Residential,Apartment,138,,,7200000,52173.91304,8,6 Yrs - 8 Yrs,0.15,,,2029,Semi-Finished,,,2025-11-25,M.Abdalaziz,Nawy,02,,Sell
beta residence,Beta Egypt,October Gardens,Residential,Apartment,138,,,7200000,52173.91304,6,6 Yrs - 8 Yrs,0.05,,,2029,Semi-Finished,,,2025-11-25,M.Abdalaziz,Nawy,02,,Sell
beta residence,Beta Egypt,,Residential,Apartment,180,,,7400000,41111.11111,7,6 Yrs - 8 Yrs,0.1,,,2029,Semi-Finished,,,2025-11-25,M.Abdalaziz,Nawy,02,,Sell
beta residence,Beta Egypt,October Gardens,Residential,Apartment,180,,,7400000,41111.11111,8,6 Yrs - 8 Yrs,0.15,,,2029,Semi-Finished,,,2025-11-25,M.Abdalaziz,Nawy,02,,Sell
beta residence,Beta Egypt,October Gardens,Residential,Apartment,180,,,7400000,41111.11111,6,6 Yrs - 8 Yrs,0.05,,,2029,Semi-Finished,,,2025-11-25,M.Abdalaziz,Nawy,02,,Sell
mountain view 3,Mountain View,5th Settlement,Residential,Villa,300,,365,80766760,269222.5333,8,8 Yrs,0.1,,,2026,Semi-Finished,,,2025-11-25,M.Abdalaziz,Nawy,02,,Sell
the address east,Dorra Group,5th Settlement,Residential,Apartment,121,,80,6100000,50413.22314,0,Cash,1,,,2025,Fully Finished,,,2025-11-25,M.Abdalaziz,Nawy,02,,Sell
the address east,Dorra Group,5th Settlement,Residential,Apartment,140,,,6300000,45000,0,Cash,1,,,2025,Fully Finished,,,2025-11-25,M.Abdalaziz,Nawy,02,,Sell
the address east,Dorra Group,5th Settlement,Residential,Apartment,147,,,6600000,44897.95918,0,Cash,1,,,2025,Fully Finished,,,2025-11-25,M.Abdalaziz,Nawy,02,,Sell
the address east,Dorra Group,5th Settlement,Residential,Apartment,140,,100,7000000,50000,0,Cash,1,,,2025,Fully Finished,,,2025-11-25,M.Abdalaziz,Nawy,02,,Sell
the address east,Dorra Group,5th Settlement,Residential,Apartment,160,,,7200000,45000,0,Cash,1,,,2025,Fully Finished,,,2025-11-25,M.Abdalaziz,Nawy,02,,Rent
the address east,Dorra Group,5th Settlement,Residential,Apartment,171,,,7700000,45029.23977,0,Cash,1,,,2025,Fully Finished,,,2025-11-25,M.Abdalaziz,Nawy,02,,Sell
the address east,Dorra Group,5th Settlement,Residential,Apartment,160,,120,8000000,50000,0,Cash,1,,,2025,Fully Finished,,,2025-11-25,M.Abdalaziz,Nawy,02,,Rent
O West Orascom,Orascom,6th of October,Residential,Apartment,77,,,7029000,91285.71429,9,9 Yrs,0.1,,,2027,Semi-Finished,,,2025-11-25,M.Abdalaziz,Nawy,02,,Rent
O West Orascom,Orascom,6th of October,Residential,Apartment,94,,,8668000,92212.76596,9,9 Yrs,0.05,,,2030,Core & Shell,,,2025-11-25,M.Abdalaziz,Nawy,02,,Rent
O West Orascom,Orascom,6th of October,Residential,Apartment,99,,,9718000,98161.61616,9,9 Yrs,0.05,,,2030,Core & Shell,,,2025-11-25,M.Abdalaziz,Nawy,02,,Rent
O West Orascom,Orascom,6th of October,Residential,Apartment,136,,199,16966000,124750,9,9 Yrs,0.1,,,2029,Core & Shell,,,2025-11-25,M.Abdalaziz,Nawy,02,,Sell
O West Orascom,Orascom,6th of October,Residential,Apartment,84,,,7668000,91285.71429,9,9 Yrs,0.1,,,2027,Semi-Finished,,,2025-11-25,M.Abdalaziz,Nawy,02,,Sell
O West Orascom,Orascom,6th of October,Residential,Apartment,160,,200,19876000,124225,9,9 Yrs,0.1,,,2029,Core & Shell,,,2025-11-25,M.Abdalaziz,Nawy,02,,Sell
O West Orascom,Orascom,6th of October,Residential,Townhouse,169,,84,22184000,131266.2722,9,9 Yrs,0.1,,,2029,Core & Shell,,,2025-11-25,M.Abdalaziz,Nawy,02,with a roof 38m,Sell
O West Orascom,Orascom,6th of October,Residential,Townhouse,173,,84,26383000,152502.8902,9,9 Yrs,0.1,,,2029,Core & Shell,,,2025-11-25,M.Abdalaziz,Nawy,02,with a roof 38m,Rent
O West Orascom,Orascom,6th of October,Residential,Townhouse,177,,271,31421000,177519.774,9,9 Yrs,0.1,,,2029,Core & Shell,,,2025-11-25,M.Abdalaziz,Nawy,02,with a roof 39m,Rent
O West Orascom,Orascom,6th of October,Residential,Villa,212,,280,29980000,141415.0943,9,9 Yrs,0.05,,,2030,Core & Shell,,,2025-11-25,M.Abdalaziz,Nawy,02,with a roof 29m,Sell
O West Orascom,Orascom,6th of October,Residential,Villa,263,,404,45132000,171604.5627,9,9 Yrs,0.1,,,2029,Core & Shell,,,2025-11-25,M.Abdalaziz,Nawy,02,with a roof 26m,Sell
O West Orascom,Orascom,6th of October,Residential,Villa,336,,301,51945000,154598.2143,9,9 Yrs,0.1,,,2029,Core & Shell,,,2025-11-25,M.Abdalaziz,Nawy,02,,Sell
O West Orascom,Orascom,6th of October,Residential,Villa,405,,407,65615000,162012.3457,9,9 Yrs,0.1,,,2029,Core & Shell,,,2025-11-25,M.Abdalaziz,Nawy,02,,Rent
O West Orascom,Orascom,6th of October,Residential,Villa,517,,818,104495000,202117.9884,9,9 Yrs,0.1,,,2029,Core & Shell,,,2025-11-25,M.Abdalaziz,Nawy,02,with a roof 34m,Rent
O West Orascom,Orascom,6th of October,Residential,Duplex,212,,,19481000,91891.50943,9,9 Yrs,0.1,,,2027,Semi-Finished,,,2025-11-25,M.Abdalaziz,Nawy,02,,Rent
O West Orascom,Orascom,6th of October,Residential,Duplex,235,,49,23938000,101863.8298,9,9 Yrs,0.1,,,2029,Core & Shell,,,2025-11-25,M.Abdalaziz,Nawy,02,,Sell
O West Orascom,Orascom,6th of October,Residential,Duplex,222,,,19489000,87788.28829,9,9 Yrs,0.1,,,2027,Semi-Finished,,,2025-11-25,M.Abdalaziz,Nawy,02,,Sell
O West Orascom,Orascom,6th of October,Residential,Duplex,248,,49,25184000,101548.3871,9,9 Yrs,0.1,,,2029,Core & Shell,,,2025-11-25,M.Abdalaziz,Nawy,02,,Sell
O West Orascom,Orascom,6th of October,Residential,Twinhouse,204,,293,39320000,192745.098,9,9 Yrs,0.1,,,2029,Core & Shell,,,2025-11-25,M.Abdalaziz,Nawy,02,,Rent
O West Orascom,Orascom,6th of October,Residential,Twinhouse,260,,343,41099000,158073.0769,9,9 Yrs,0.1,,,2029,Core & Shell,,,2025-11-25,M.Abdalaziz,Nawy,02,,Rent
O West Orascom,Orascom,6th of October,Residential,Penthouse,122,,,11757000,96368.85246,9,9 Yrs,0.1,,,2030,Core & Shell,,,2025-11-25,M.Abdalaziz,Nawy,02,,Sell
O West Orascom,Orascom,6th of October,Residential,Penthouse,125,,,12046000,96368,9,9 Yrs,0.05,,,2030,Core & Shell,,,2025-11-25,M.Abdalaziz,Nawy,02,,Sell
O West Orascom,Orascom,6th of October,Residential,Penthouse,146,,,14441000,98910.9589,9,9 Yrs,0.05,,,2030,Core & Shell,,,2025-11-25,M.Abdalaziz,Nawy,02,with a roof 45m,Sell
O West Orascom,Orascom,6th of October,Residential,Villa,227,,520,46518000,204925.1101,9,9 Yrs,0.1,,,2030,Core & Shell,,,2025-11-25,M.Abdalaziz,Nawy,02,with a roof 49m  -  one-story villa,Rent
sun capital,Arabia Holding,October Gardens,Residential,Apartment,116,,,7035000,60646.55172,6,6 Yrs,0.1,,,2026,Core & Shell,,,2025-11-25,M.Abdalaziz,Nawy,02,,Sell
sun capital,Arabia Holding,October Gardens,Residential,Apartment,104,,60,7850000,75480.76923,6,6 Yrs,0.1,,,2026,Core & Shell,,,2025-11-25,M.Abdalaziz,Nawy,02,,Sell
sun capital,Arabia Holding,October Gardens,Residential,Apartment,140,,,9500000,67857.14286,6,6 Yrs,0.1,,,2026,Core & Shell,,,2025-11-25,M.Abdalaziz,Nawy,02,,Rent
sun capital,Arabia Holding,October Gardens,Residential,Apartment,138,,93,11000000,79710.14493,6,6 Yrs,0.1,,,2026,Core & Shell,,,2025-11-25,M.Abdalaziz,Nawy,02,,Sell
sun capital,Arabia Holding,October Gardens,Residential,Duplex,185,,,11500000,62162.16216,6,6 Yrs,0.1,,,2026,Core & Shell,,,2025-11-25,M.Abdalaziz,Nawy,02,,Sell
sun capital,Arabia Holding,October Gardens,Residential,Penthouse,178,,,13715688,77054.42697,6,6 Yrs,0.1,,,2026,Core & Shell,,,2025-11-25,M.Abdalaziz,Nawy,02,with a roof 60m,Rent
badya,Palm Hills,October Gardens,Residential,Apartment,61,,,6339300,103922.9508,8,Cash - 8 Yrs,0.1,,,2030,Fully Finished,,,2025-11-25,M.Abdalaziz,Nawy,02,,Rent
badya,Palm Hills,October Gardens,Residential,Apartment,109,,,10128998,92926.58716,8,Cash - 8 Yrs,0.1,,,2029,Fully Finished,,,2025-11-25,M.Abdalaziz,Nawy,02,,Sell
badya,Palm Hills,October Gardens,Residential,Apartment,112,,,10438446,93200.41071,8,Cash - 8 Yrs,0.1,,,2029,Fully Finished,,,2025-11-25,M.Abdalaziz,Nawy,02,,Sell
badya,Palm Hills,October Gardens,Residential,Apartment,115,,,10829291,94167.74783,8,Cash - 8 Yrs,0.1,,,2030,Fully Finished,,,2025-11-25,M.Abdalaziz,Nawy,02,with a roof 28m,Sell
badya,Palm Hills,October Gardens,Residential,Apartment,125,,,11037060,88296.48,8,Cash - 8 Yrs,0.1,,,2029,Fully Finished,,,2025-11-25,M.Abdalaziz,Nawy,02,,Sell
badya,Palm Hills,October Gardens,Residential,Apartment,171,,60,16293514,95283.7076,0,Cash - 8 Yrs,1,,,2025,Fully Finished,,,2025-11-25,M.Abdalaziz,Nawy,02,,Sell
badya,Palm Hills,October Gardens,Residential,Apartment,253,,,19005504,75120.56917,0,Cash - 8 Yrs,1,,,2025,Fully Finished,,,2025-11-25,M.Abdalaziz,Nawy,02,,Sell
badya,Palm Hills,October Gardens,Residential,Townhouse,191,,,17935000,93900.52356,8,8 Yrs,0.1,,,2029,Core & Shell,,,2025-11-25,M.Abdalaziz,Nawy,02,,Sell
badya,Palm Hills,October Gardens,Residential,Townhouse,214,,,18555000,86705.60748,8,8 Yrs,0.1,,,2030,Core & Shell,,,2025-11-25,M.Abdalaziz,Nawy,02,with a roof 68m,Sell
badya,Palm Hills,October Gardens,Residential,Townhouse,218,,,20656000,94752.29358,8,8 Yrs,0.1,,,2028,Core & Shell,,,2025-11-25,M.Abdalaziz,Nawy,02,with a roof 69m,Sell
badya,Palm Hills,October Gardens,Residential,Villa,276,,,32406000,117413.0435,8,Cash - 8 Yrs,0.1,,,2027,Core & Shell,,,2025-11-25,M.Abdalaziz,Nawy,02,,Sell
badya,Palm Hills,October Gardens,Residential,Villa,180,,,21296000,118311.1111,8,Cash - 8 Yrs,0.1,,,2030,Core & Shell,,,2025-11-25,M.Abdalaziz,Nawy,02,,Sell
badya,Palm Hills,October Gardens,Residential,Villa,504,,,48469000,96168.65079,0,Cash - 8 Yrs,1,,,2025,Core & Shell,,,2025-11-25,M.Abdalaziz,Nawy,02,,Rent
badya,Palm Hills,October Gardens,Residential,Villa,512,,,51548000,100679.6875,8,Cash - 8 Yrs,0.1,,,2027,Core & Shell,,,2025-11-25,M.Abdalaziz,Nawy,02,,Sell
Villa 55,Villa 55,6th of October,Residential,Services Apartment,34,,,2845,83.67647059,8,8 Yrs,,,,,,,,2026-01-20,M.Ezzat,Booking,00,Single,Rent
Villa 55,Villa 55,6th of October,Residential,Services Apartment,34,,,3300,97.05882353,8,8 Yrs,,,,,,,,2026-01-20,M.Ezzat,Booking,00,Double,Sell
Hilton pyramid golf,Hilton pyramid golf,6th of October,Residential,Services Apartment,44,,,7800,177.2727273,8,8 Yrs,,,,,,,,2026-01-20,M.Ezzat,Booking,00,Single,Rent
Hilton pyramid golf,Hilton pyramid golf,6th of October,Residential,Services Apartment,44,,,9000,204.5454545,8,8 Yrs,,,,,,,,2026-01-20,M.Ezzat,Booking,00,Double,Rent
Royal Day,Royal Day,6th of October,Residential,Services Apartment,40,,,2400,60,8,8 Yrs,,,,,,,,2026-01-20,M.Ezzat,Booking,00,Single,Sell
Royal Day,Royal Day,6th of October,Residential,Services Apartment,45,,,3000,66.66666667,8,8 Yrs,,,,,,,,2026-01-20,M.Ezzat,Booking,00,Double,Sell
Bonne Vie Studios,Bonne Vie Studios,6th of October,Residential,Services Apartment,40,,,1000,25,8,8 Yrs,,,,,,,,2026-01-20,M.Ezzat,Booking,00,Single,Rent
Bonne Vie Studios,Bonne Vie Studios,6th of October,Residential,Services Apartment,40,,,1200,30,8,8 Yrs,,,,,,,,2026-01-20,M.Ezzat,Booking,00,Double,Sell
Tulip 6 of October Hotel,Tulip 6 of October Hotel,6th of October,Residential,Services Apartment,35,,,2150,61.42857143,8,8 Yrs,,,,,,,,2026-01-20,M.Ezzat,Booking,00,Single,Sell
Tulip 6 of October Hotel,Tulip 6 of October Hotel,6th of October,Residential,Services Apartment,40,,,2300,57.5,8,8 Yrs,,,,,,,,2026-01-20,M.Ezzat,Booking,00,Double,Sell
 Elhosary Hotel, Elhosary Hotel,6th of October,Residential,Services Apartment,30,,,1750,58.33333333,8,8 Yrs,,,,,,,,2026-01-20,M.Ezzat,Booking,00,Single,Sell
 Elhosary Hotel, Elhosary Hotel,6th of October,Residential,Services Apartment,30,,,1950,65,8,8 Yrs,,,,,,,,2026-01-20,M.Ezzat,Booking,00,Double,Sell
the home land,the home land,6th of October,Residential,Services Apartment,80,,,2850,35.625,8,8 Yrs,,,,,,,,2026-01-20,M.Ezzat,Booking,00,Single,Sell
the home land,the home land,6th of October,Residential,Services Apartment,80,,,2850,35.625,8,8 Yrs,,,,,,,,2026-01-20,M.Ezzat,Booking,00,Double,Rent
Luxury Studio House,Luxury Studio House,6th of October,Residential,Services Apartment,45,,,2850,63.33333333,8,8 Yrs,,,,,,,,2026-01-20,M.Ezzat,Booking,00,Single,Sell
Luxury Studio House,Luxury Studio House,6th of October,Residential,Services Apartment,45,,,2850,63.33333333,8,8 Yrs,,,,,,,,2026-01-20,M.Ezzat,Booking,00,Double,Sell
Al Manzel Sheikh Zayed,Al Manzel Sheikh Zayed,6th of October,Residential,Services Apartment,35,,,2700,77.14285714,8,8 Yrs,,,,,,,,2026-01-20,M.Ezzat,Booking,00,Single,Sell
Al Manzel Sheikh Zayed,Al Manzel Sheikh Zayed,6th of October,Residential,Services Apartment,35,,,2700,77.14285714,8,8 Yrs,,,,,,,,2026-01-20,M.Ezzat,Booking,00,Double,Sell
Villa 14,Villa 14,6th of October,Residential,Services Apartment,40,,,1600,40,8,8 Yrs,,,,,,,,2026-01-20,M.Ezzat,Booking,00,Single,Sell
Villa 14,Villa 14,6th of October,Residential,Services Apartment,50,,,2500,50,8,8 Yrs,,,,,,,,2026-01-20,M.Ezzat,Booking,00,Double,Sell
Bonne Vie Hotel,Bonne Vie Hotel,6th of October,Residential,Services Apartment,50,,,1400,28,8,8 Yrs,,,,,,,,2026-01-20,M.Ezzat,Booking,00,Single,Sell
Bonne Vie Hotel,Bonne Vie Hotel,6th of October,Residential,Services Apartment,70,,,2300,32.85714286,8,8 Yrs,,,,,,,,2026-01-20,M.Ezzat,Booking,00,Double,Sell
The Home Dreamland,The Home Dreamland,6th of October,Residential,Services Apartment,55,,,2050,37.27272727,8,8 Yrs,,,,,,,,2026-01-20,M.Ezzat,Booking,00,Single,Sell
The Home Dreamland,The Home Dreamland,6th of October,Residential,Services Apartment,80,,,2750,34.375,8,8 Yrs,,,,,,,,2026-01-20,M.Ezzat,Booking,00,Double,Sell
barcelo hotel,barcelo hotel,El Sheikh Zayed,Residential,Services Apartment,42,,,5000000,119047.619,7,7 Yrs,0.15,,,RTM,Furnished,0.1,,2026-01-21,M.Abdalaziz,sales office,00, grantee (15%:18%) up to25%/year,Sell
barcelo hotel,barcelo hotel,El Sheikh Zayed,Residential,Services Apartment,70,,,8250000,117857.1429,7,7 Yrs,0.15,,,RTM,Furnished,0.1,,2026-01-21,M.Abdalaziz,sales office,00, grantee (15%:18%) up to25%/year,Sell
intercontental,intercontental,El Sheikh Zayed,Residential,Services Apartment,252,,,39235000,155694.4444,0,Cash,0,,,RTM,Furnished,,,2026-01-21,M.Abdalaziz,broker,00,hotel suite with a roof 14m + 3 BD + 4 Bath,Sell
MIRAI,orbit developments,El Sheikh Zayed,Residential,Services Apartment,56,,,8120000,145000,8,8 Yrs,0.1,,,,Furnished,,,2026-01-21,M.Abdalaziz,broker,00,grantee (10% for 9YRS) up to 22%/year,Sell
arkan palm,arkan palm,El Sheikh Zayed,Residential,Services Apartment,112,,,20000000,178571.4286,6,6 Yrs,0.05,,,,Furnished,,,2026-01-21,M.Abdalaziz,sales office,00,2 BD + 3Bath - 13%(average 200$/day*270days),Sell
ZED,Ora Developers,El Sheikh Zayed,Residential,Services Apartment,110,,,14000000,127272.7273,10,10 Yrs,0.1,,,,Fully Finished,,,2026-01-21,M.Abdalaziz,broker,00,2 Bd + 2 Bath,Sell
minorca,hilton garden inn,El Sheikh Zayed,Residential,Services Apartment,110,,,9900000,90000,10,10 Yrs,0.1,,,,Fully Finished,,,2026-01-21,M.Abdalaziz,broker,00,2 Bd + 2 Bath,Sell
aeon towers,Marakez,El Sheikh Zayed,Residential,Studio,106,,,10300000,97169.81132,0,Cash,0,,,RTM,Fully Finished,,,2026-01-21,M.Abdalaziz,sales office,00,,Sell
aqmar residence,kayan developments,October Gardens,Residential,Services Apartment,38,,,3420000,90000,10,10 Yrs,0.1,,,,Fully Finished,,,2026-01-21,M.Abdalaziz,broker,00,,Sell
aqmar residence,kayan developments,October Gardens,Residential,Services Apartment,63,,,5386000,85492.06349,10,10 Yrs,0.1,,,,Fully Finished,,,2026-01-21,M.Abdalaziz,broker,00,,Sell
aqmar residence,kayan developments,October Gardens,Residential,Services Apartment,114,,,10830000,95000,10,10 Yrs,0.1,,,,Fully Finished,,,2026-01-21,M.Abdalaziz,broker,00,,Sell